participant,match_id,stage,group,home_team,away_team,predicted_home_score,predicted_away_score,predicted_qualifier
Alen,1,GRUPOS,A,MEXICO,SUDAFRICA,2,0,
Alen,2,GRUPOS,A,COREA DEL SUR,REPUBLICA CHECA,1,1,
Alen,3,GRUPOS,A,REPUBLICA CHECA,SUDAFRICA,1,0,
Alen,4,GRUPOS,A,MEXICO,COREA DEL SUR,2,1,
Alen,5,GRUPOS,A,SUDAFRICA,COREA DEL SUR,0,1,
Alen,6,GRUPOS,A,REPUBLICA CHECA,MEXICO,0,1,
Alen,7,GRUPOS,B,CANADA,BOSNIA,2,1,
Alen,8,GRUPOS,B,QATAR,SUIZA,0,2,
Alen,9,GRUPOS,B,SUIZA,BOSNIA,2,0,
Alen,10,GRUPOS,B,CANADA,QATAR,2,0,
Alen,11,GRUPOS,B,BOSNIA,QATAR,1,0,
Alen,12,GRUPOS,B,SUIZA,CANADA,1,1,
Alen,13,GRUPOS,C,BRASIL,MARRUECOS,2,1,
Alen,14,GRUPOS,C,HAITI,ESCOCIA,0,2,
Alen,15,GRUPOS,C,ESCOCIA,MARRUECOS,0,2,
Alen,16,GRUPOS,C,BRASIL,HAITI,3,0,
Alen,17,GRUPOS,C,ESCOCIA,BRASIL,0,2,
Alen,18,GRUPOS,C,MARRUECOS,HAITI,2,0,
Alen,19,GRUPOS,D,ESTADOS UNIDOS,PARAGUAY,1,1,
Alen,20,GRUPOS,D,AUSTRALIA,TURQUIA,1,2,
Alen,21,GRUPOS,D,ESTADOS UNIDOS,AUSTRALIA,1,0,
Alen,22,GRUPOS,D,TURQUIA,PARAGUAY,0,1,
Alen,23,GRUPOS,D,PARAGUAY,AUSTRALIA,1,1,
Alen,24,GRUPOS,D,TURQUIA,ESTADOS UNIDOS,1,2,
Alen,25,GRUPOS,E,ALEMANIA,CURAZAO,3,0,
Alen,26,GRUPOS,E,COSTA DE MARFIL,ECUADOR,0,1,
Alen,27,GRUPOS,E,ALEMANIA,COSTA DE MARFIL,2,0,
Alen,28,GRUPOS,E,ECUADOR,CURAZAO,2,0,
Alen,29,GRUPOS,E,CURAZAO,COSTA DE MARFIL,0,2,
Alen,30,GRUPOS,E,ECUADOR,ALEMANIA,1,2,
Alen,31,GRUPOS,F,PAISES BAJOS,JAPON,2,1,
Alen,32,GRUPOS,F,SUECIA,TUNEZ,1,0,
Alen,33,GRUPOS,F,PAISES BAJOS,SUECIA,2,0,
Alen,34,GRUPOS,F,TUNEZ,JAPON,0,1,
Alen,35,GRUPOS,F,JAPON,SUECIA,1,1,
Alen,36,GRUPOS,F,TUNEZ,PAISES BAJOS,0,2,
Alen,37,GRUPOS,G,BELGICA,EGIPTO,2,1,
Alen,38,GRUPOS,G,IRAN,NUEVA ZELANDA,2,0,
Alen,39,GRUPOS,G,BELGICA,IRAN,2,0,
Alen,40,GRUPOS,G,NUEVA ZELANDA,EGIPTO,0,2,
Alen,41,GRUPOS,G,NUEVA ZELANDA,BELGICA,0,3,
Alen,42,GRUPOS,G,EGIPTO,IRAN,1,1,
Alen,43,GRUPOS,H,ESPAÑA,CABO VERDE,4,0,
Alen,44,GRUPOS,H,ARABIA SAUDITA,URUGUAY,1,2,
Alen,45,GRUPOS,H,ESPAÑA,ARABIA SAUDITA,2,0,
Alen,46,GRUPOS,H,URUGUAY,CABO VERDE,2,0,
Alen,47,GRUPOS,H,CABO VERDE,ARABIA SAUDITA,1,2,
Alen,48,GRUPOS,H,URUGUAY,ESPAÑA,2,3,
Alen,49,GRUPOS,I,FRANCIA,SENEGAL,3,1,
Alen,50,GRUPOS,I,IRAK,NORUEGA,0,2,
Alen,51,GRUPOS,I,FRANCIA,IRAK,3,0,
Alen,52,GRUPOS,I,NORUEGA,SENEGAL,2,1,
Alen,53,GRUPOS,I,SENEGAL,IRAK,2,0,
Alen,54,GRUPOS,I,NORUEGA,FRANCIA,2,3,
Alen,55,GRUPOS,J,ARGENTINA,ARGELIA,3,1,
Alen,56,GRUPOS,J,AUSTRIA,JORDANIA,2,0,
Alen,57,GRUPOS,J,ARGENTINA,AUSTRIA,3,1,
Alen,58,GRUPOS,J,JORDANIA,ARGELIA,0,2,
Alen,59,GRUPOS,J,ARGELIA,AUSTRIA,1,1,
Alen,60,GRUPOS,J,JORDANIA,ARGENTINA,0,3,
Alen,61,GRUPOS,K,PORTUGAL,RD CONGO,4,0,
Alen,62,GRUPOS,K,UZBEKISTAN,COLOMBIA,0,3,
Alen,63,GRUPOS,K,PORTUGAL,UZBEKISTAN,3,0,
Alen,64,GRUPOS,K,COLOMBIA,RD CONGO,2,0,
Alen,65,GRUPOS,K,RD CONGO,UZBEKISTAN,2,1,
Alen,66,GRUPOS,K,COLOMBIA,PORTUGAL,1,2,
Alen,67,GRUPOS,L,INGLATERRA,CROACIA,1,0,
Alen,68,GRUPOS,L,GHANA,PANAMA,1,0,
Alen,69,GRUPOS,L,INGLATERRA,GHANA,2,0,
Alen,70,GRUPOS,L,PANAMA,CROACIA,0,2,
Alen,71,GRUPOS,L,CROACIA,GHANA,2,0,
Alen,72,GRUPOS,L,PANAMA,INGLATERRA,0,3,
Alen,73,16AVOS,R32,SUDAFRICA,CANADA,1,2,CANADA
Alen,74,16AVOS,R32,ALEMANIA,PARAGUAY,2,1,ALEMANIA
Alen,76,16AVOS,R32,BRASIL,JAPON,3,1,BRASIL
Angel,1,GRUPOS,A,MEXICO,SUDAFRICA,2,1,
Angel,2,GRUPOS,A,COREA DEL SUR,REPUBLICA CHECA,1,1,
Angel,3,GRUPOS,A,REPUBLICA CHECA,SUDAFRICA,1,0,
Angel,4,GRUPOS,A,MEXICO,COREA DEL SUR,1,0,
Angel,5,GRUPOS,A,SUDAFRICA,COREA DEL SUR,1,2,
Angel,6,GRUPOS,A,REPUBLICA CHECA,MEXICO,1,2,
Angel,7,GRUPOS,B,CANADA,BOSNIA,2,1,
Angel,8,GRUPOS,B,QATAR,SUIZA,1,3,
Angel,9,GRUPOS,B,SUIZA,BOSNIA,1,0,
Angel,10,GRUPOS,B,CANADA,QATAR,2,1,
Angel,11,GRUPOS,B,BOSNIA,QATAR,2,1,
Angel,12,GRUPOS,B,SUIZA,CANADA,2,1,
Angel,13,GRUPOS,C,BRASIL,MARRUECOS,1,2,
Angel,14,GRUPOS,C,HAITI,ESCOCIA,0,2,
Angel,15,GRUPOS,C,ESCOCIA,MARRUECOS,1,2,
Angel,16,GRUPOS,C,BRASIL,HAITI,4,0,
Angel,17,GRUPOS,C,ESCOCIA,BRASIL,0,2,
Angel,18,GRUPOS,C,MARRUECOS,HAITI,2,0,
Angel,19,GRUPOS,D,ESTADOS UNIDOS,PARAGUAY,0,1,
Angel,20,GRUPOS,D,AUSTRALIA,TURQUIA,0,2,
Angel,21,GRUPOS,D,ESTADOS UNIDOS,AUSTRALIA,3,0,
Angel,22,GRUPOS,D,TURQUIA,PARAGUAY,2,2,
Angel,23,GRUPOS,D,PARAGUAY,AUSTRALIA,2,1,
Angel,24,GRUPOS,D,TURQUIA,ESTADOS UNIDOS,2,1,
Angel,25,GRUPOS,E,ALEMANIA,CURAZAO,6,0,
Angel,26,GRUPOS,E,COSTA DE MARFIL,ECUADOR,2,2,
Angel,27,GRUPOS,E,ALEMANIA,COSTA DE MARFIL,1,0,
Angel,28,GRUPOS,E,ECUADOR,CURAZAO,3,0,
Angel,29,GRUPOS,E,CURAZAO,COSTA DE MARFIL,0,1,
Angel,30,GRUPOS,E,ECUADOR,ALEMANIA,1,1,
Angel,31,GRUPOS,F,PAISES BAJOS,JAPON,2,0,
Angel,32,GRUPOS,F,SUECIA,TUNEZ,1,1,
Angel,33,GRUPOS,F,PAISES BAJOS,SUECIA,1,0,
Angel,34,GRUPOS,F,TUNEZ,JAPON,0,2,
Angel,35,GRUPOS,F,JAPON,SUECIA,2,0,
Angel,36,GRUPOS,F,TUNEZ,PAISES BAJOS,1,2,
Angel,37,GRUPOS,G,BELGICA,EGIPTO,0,1,
Angel,38,GRUPOS,G,IRAN,NUEVA ZELANDA,2,1,
Angel,39,GRUPOS,G,BELGICA,IRAN,2,0,
Angel,40,GRUPOS,G,NUEVA ZELANDA,EGIPTO,1,2,
Angel,41,GRUPOS,G,NUEVA ZELANDA,BELGICA,0,3,
Angel,42,GRUPOS,G,EGIPTO,IRAN,1,0,
Angel,43,GRUPOS,H,ESPAÑA,CABO VERDE,7,0,
Angel,44,GRUPOS,H,ARABIA SAUDITA,URUGUAY,0,1,
Angel,45,GRUPOS,H,ESPAÑA,ARABIA SAUDITA,3,0,
Angel,46,GRUPOS,H,URUGUAY,CABO VERDE,1,0,
Angel,47,GRUPOS,H,CABO VERDE,ARABIA SAUDITA,0,1,
Angel,48,GRUPOS,H,URUGUAY,ESPAÑA,1,3,
Angel,49,GRUPOS,I,FRANCIA,SENEGAL,2,1,
Angel,50,GRUPOS,I,IRAK,NORUEGA,0,4,
Angel,51,GRUPOS,I,FRANCIA,IRAK,3,0,
Angel,52,GRUPOS,I,NORUEGA,SENEGAL,2,2,
Angel,53,GRUPOS,I,SENEGAL,IRAK,2,0,
Angel,54,GRUPOS,I,NORUEGA,FRANCIA,2,4,
Angel,55,GRUPOS,J,ARGENTINA,ARGELIA,2,0,
Angel,56,GRUPOS,J,AUSTRIA,JORDANIA,2,0,
Angel,57,GRUPOS,J,ARGENTINA,AUSTRIA,1,0,
Angel,58,GRUPOS,J,JORDANIA,ARGELIA,1,2,
Angel,59,GRUPOS,J,ARGELIA,AUSTRIA,1,0,
Angel,60,GRUPOS,J,JORDANIA,ARGENTINA,0,4,
Angel,61,GRUPOS,K,PORTUGAL,RD CONGO,4,0,
Angel,62,GRUPOS,K,UZBEKISTAN,COLOMBIA,0,2,
Angel,63,GRUPOS,K,PORTUGAL,UZBEKISTAN,3,0,
Angel,64,GRUPOS,K,COLOMBIA,RD CONGO,2,0,
Angel,65,GRUPOS,K,RD CONGO,UZBEKISTAN,1,1,
Angel,66,GRUPOS,K,COLOMBIA,PORTUGAL,1,1,
Angel,67,GRUPOS,L,INGLATERRA,CROACIA,1,0,
Angel,68,GRUPOS,L,GHANA,PANAMA,2,0,
Angel,69,GRUPOS,L,INGLATERRA,GHANA,1,1,
Angel,70,GRUPOS,L,PANAMA,CROACIA,0,2,
Angel,71,GRUPOS,L,CROACIA,GHANA,1,1,
Angel,72,GRUPOS,L,PANAMA,INGLATERRA,0,4,
Angel,73,16AVOS,R32,SUDAFRICA,CANADA,0,2,CANADA
Angel,74,16AVOS,R32,ALEMANIA,PARAGUAY,1,0,ALEMANIA
Angel,76,16AVOS,R32,BRASIL,JAPON,1,2,JAPON
Arana,1,GRUPOS,A,MEXICO,SUDAFRICA,2,0,
Arana,2,GRUPOS,A,COREA DEL SUR,REPUBLICA CHECA,1,1,
Arana,3,GRUPOS,A,REPUBLICA CHECA,SUDAFRICA,1,0,
Arana,4,GRUPOS,A,MEXICO,COREA DEL SUR,1,1,
Arana,5,GRUPOS,A,SUDAFRICA,COREA DEL SUR,0,2,
Arana,6,GRUPOS,A,REPUBLICA CHECA,MEXICO,1,2,
Arana,7,GRUPOS,B,CANADA,BOSNIA,2,2,
Arana,8,GRUPOS,B,QATAR,SUIZA,0,2,
Arana,9,GRUPOS,B,SUIZA,BOSNIA,1,0,
Arana,10,GRUPOS,B,CANADA,QATAR,2,1,
Arana,11,GRUPOS,B,BOSNIA,QATAR,1,0,
Arana,12,GRUPOS,B,SUIZA,CANADA,2,1,
Arana,13,GRUPOS,C,BRASIL,MARRUECOS,1,0,
Arana,14,GRUPOS,C,HAITI,ESCOCIA,0,2,
Arana,15,GRUPOS,C,ESCOCIA,MARRUECOS,1,1,
Arana,16,GRUPOS,C,BRASIL,HAITI,3,0,
Arana,17,GRUPOS,C,ESCOCIA,BRASIL,0,2,
Arana,18,GRUPOS,C,MARRUECOS,HAITI,2,0,
Arana,19,GRUPOS,D,ESTADOS UNIDOS,PARAGUAY,1,1,
Arana,20,GRUPOS,D,AUSTRALIA,TURQUIA,0,1,
Arana,21,GRUPOS,D,ESTADOS UNIDOS,AUSTRALIA,2,1,
Arana,22,GRUPOS,D,TURQUIA,PARAGUAY,1,1,
Arana,23,GRUPOS,D,PARAGUAY,AUSTRALIA,1,0,
Arana,24,GRUPOS,D,TURQUIA,ESTADOS UNIDOS,2,2,
Arana,25,GRUPOS,E,ALEMANIA,CURAZAO,3,0,
Arana,26,GRUPOS,E,COSTA DE MARFIL,ECUADOR,1,1,
Arana,27,GRUPOS,E,ALEMANIA,COSTA DE MARFIL,2,0,
Arana,28,GRUPOS,E,ECUADOR,CURAZAO,2,0,
Arana,29,GRUPOS,E,CURAZAO,COSTA DE MARFIL,0,2,
Arana,30,GRUPOS,E,ECUADOR,ALEMANIA,0,1,
Arana,31,GRUPOS,F,PAISES BAJOS,JAPON,2,1,
Arana,32,GRUPOS,F,SUECIA,TUNEZ,1,0,
Arana,33,GRUPOS,F,PAISES BAJOS,SUECIA,2,1,
Arana,34,GRUPOS,F,TUNEZ,JAPON,1,2,
Arana,35,GRUPOS,F,JAPON,SUECIA,1,1,
Arana,36,GRUPOS,F,TUNEZ,PAISES BAJOS,0,2,
Arana,37,GRUPOS,G,BELGICA,EGIPTO,2,0,
Arana,38,GRUPOS,G,IRAN,NUEVA ZELANDA,1,0,
Arana,39,GRUPOS,G,BELGICA,IRAN,1,0,
Arana,40,GRUPOS,G,NUEVA ZELANDA,EGIPTO,0,1,
Arana,41,GRUPOS,G,NUEVA ZELANDA,BELGICA,0,3,
Arana,42,GRUPOS,G,EGIPTO,IRAN,1,1,
Arana,43,GRUPOS,H,ESPAÑA,CABO VERDE,3,0,
Arana,44,GRUPOS,H,ARABIA SAUDITA,URUGUAY,1,2,
Arana,45,GRUPOS,H,ESPAÑA,ARABIA SAUDITA,3,0,
Arana,46,GRUPOS,H,URUGUAY,CABO VERDE,1,0,
Arana,47,GRUPOS,H,CABO VERDE,ARABIA SAUDITA,1,1,
Arana,48,GRUPOS,H,URUGUAY,ESPAÑA,0,2,
Arana,49,GRUPOS,I,FRANCIA,SENEGAL,3,1,
Arana,50,GRUPOS,I,IRAK,NORUEGA,0,2,
Arana,51,GRUPOS,I,FRANCIA,IRAK,3,0,
Arana,52,GRUPOS,I,NORUEGA,SENEGAL,2,1,
Arana,53,GRUPOS,I,SENEGAL,IRAK,2,0,
Arana,54,GRUPOS,I,NORUEGA,FRANCIA,1,2,
Arana,55,GRUPOS,J,ARGENTINA,ARGELIA,1,0,
Arana,56,GRUPOS,J,AUSTRIA,JORDANIA,2,0,
Arana,57,GRUPOS,J,ARGENTINA,AUSTRIA,2,1,
Arana,58,GRUPOS,J,JORDANIA,ARGELIA,1,2,
Arana,59,GRUPOS,J,ARGELIA,AUSTRIA,1,2,
Arana,60,GRUPOS,J,JORDANIA,ARGENTINA,0,2,
Arana,61,GRUPOS,K,PORTUGAL,RD CONGO,2,0,
Arana,62,GRUPOS,K,UZBEKISTAN,COLOMBIA,0,2,
Arana,63,GRUPOS,K,PORTUGAL,UZBEKISTAN,3,0,
Arana,64,GRUPOS,K,COLOMBIA,RD CONGO,1,0,
Arana,65,GRUPOS,K,RD CONGO,UZBEKISTAN,1,0,
Arana,66,GRUPOS,K,COLOMBIA,PORTUGAL,1,2,
Arana,67,GRUPOS,L,INGLATERRA,CROACIA,2,0,
Arana,68,GRUPOS,L,GHANA,PANAMA,1,1,
Arana,69,GRUPOS,L,INGLATERRA,GHANA,3,0,
Arana,70,GRUPOS,L,PANAMA,CROACIA,0,1,
Arana,71,GRUPOS,L,CROACIA,GHANA,1,0,
Arana,72,GRUPOS,L,PANAMA,INGLATERRA,0,3,
Arana,73,16AVOS,R32,SUDAFRICA,CANADA,1,2,CANADA
Arana,74,16AVOS,R32,ALEMANIA,PARAGUAY,2,0,ALEMANIA
Arana,76,16AVOS,R32,BRASIL,JAPON,2,1,BRASIL
Artola,1,GRUPOS,A,MEXICO,SUDAFRICA,2,0,
Artola,2,GRUPOS,A,COREA DEL SUR,REPUBLICA CHECA,2,0,
Artola,3,GRUPOS,A,REPUBLICA CHECA,SUDAFRICA,1,0,
Artola,4,GRUPOS,A,MEXICO,COREA DEL SUR,2,1,
Artola,5,GRUPOS,A,SUDAFRICA,COREA DEL SUR,1,2,
Artola,6,GRUPOS,A,REPUBLICA CHECA,MEXICO,0,3,
Artola,7,GRUPOS,B,CANADA,BOSNIA,2,1,
Artola,8,GRUPOS,B,QATAR,SUIZA,1,2,
Artola,9,GRUPOS,B,SUIZA,BOSNIA,1,1,
Artola,10,GRUPOS,B,CANADA,QATAR,1,0,
Artola,11,GRUPOS,B,BOSNIA,QATAR,2,0,
Artola,12,GRUPOS,B,SUIZA,CANADA,2,1,
Artola,13,GRUPOS,C,BRASIL,MARRUECOS,3,0,
Artola,14,GRUPOS,C,HAITI,ESCOCIA,0,2,
Artola,15,GRUPOS,C,ESCOCIA,MARRUECOS,0,2,
Artola,16,GRUPOS,C,BRASIL,HAITI,3,0,
Artola,17,GRUPOS,C,ESCOCIA,BRASIL,0,4,
Artola,18,GRUPOS,C,MARRUECOS,HAITI,2,0,
Artola,19,GRUPOS,D,ESTADOS UNIDOS,PARAGUAY,2,0,
Artola,20,GRUPOS,D,AUSTRALIA,TURQUIA,2,1,
Artola,21,GRUPOS,D,ESTADOS UNIDOS,AUSTRALIA,2,1,
Artola,22,GRUPOS,D,TURQUIA,PARAGUAY,1,1,
Artola,23,GRUPOS,D,PARAGUAY,AUSTRALIA,0,2,
Artola,24,GRUPOS,D,TURQUIA,ESTADOS UNIDOS,0,1,
Artola,25,GRUPOS,E,ALEMANIA,CURAZAO,4,0,
Artola,26,GRUPOS,E,COSTA DE MARFIL,ECUADOR,3,1,
Artola,27,GRUPOS,E,ALEMANIA,COSTA DE MARFIL,1,1,
Artola,28,GRUPOS,E,ECUADOR,CURAZAO,2,0,
Artola,29,GRUPOS,E,CURAZAO,COSTA DE MARFIL,0,3,
Artola,30,GRUPOS,E,ECUADOR,ALEMANIA,1,3,
Artola,31,GRUPOS,F,PAISES BAJOS,JAPON,3,0,
Artola,32,GRUPOS,F,SUECIA,TUNEZ,1,0,
Artola,33,GRUPOS,F,PAISES BAJOS,SUECIA,2,1,
Artola,34,GRUPOS,F,TUNEZ,JAPON,1,1,
Artola,35,GRUPOS,F,JAPON,SUECIA,1,2,
Artola,36,GRUPOS,F,TUNEZ,PAISES BAJOS,0,3,
Artola,37,GRUPOS,G,BELGICA,EGIPTO,2,0,
Artola,38,GRUPOS,G,IRAN,NUEVA ZELANDA,1,0,
Artola,39,GRUPOS,G,BELGICA,IRAN,2,0,
Artola,40,GRUPOS,G,NUEVA ZELANDA,EGIPTO,1,1,
Artola,41,GRUPOS,G,NUEVA ZELANDA,BELGICA,1,2,
Artola,42,GRUPOS,G,EGIPTO,IRAN,1,1,
Artola,43,GRUPOS,H,ESPAÑA,CABO VERDE,3,0,
Artola,44,GRUPOS,H,ARABIA SAUDITA,URUGUAY,1,3,
Artola,45,GRUPOS,H,ESPAÑA,ARABIA SAUDITA,3,0,
Artola,46,GRUPOS,H,URUGUAY,CABO VERDE,1,0,
Artola,47,GRUPOS,H,CABO VERDE,ARABIA SAUDITA,0,1,
Artola,48,GRUPOS,H,URUGUAY,ESPAÑA,2,2,
Artola,49,GRUPOS,I,FRANCIA,SENEGAL,3,0,
Artola,50,GRUPOS,I,IRAK,NORUEGA,0,3,
Artola,51,GRUPOS,I,FRANCIA,IRAK,2,0,
Artola,52,GRUPOS,I,NORUEGA,SENEGAL,2,1,
Artola,53,GRUPOS,I,SENEGAL,IRAK,2,0,
Artola,54,GRUPOS,I,NORUEGA,FRANCIA,2,1,
Artola,55,GRUPOS,J,ARGENTINA,ARGELIA,3,0,
Artola,56,GRUPOS,J,AUSTRIA,JORDANIA,0,0,
Artola,57,GRUPOS,J,ARGENTINA,AUSTRIA,2,0,
Artola,58,GRUPOS,J,JORDANIA,ARGELIA,1,1,
Artola,59,GRUPOS,J,ARGELIA,AUSTRIA,1,1,
Artola,60,GRUPOS,J,JORDANIA,ARGENTINA,1,3,
Artola,61,GRUPOS,K,PORTUGAL,RD CONGO,2,0,
Artola,62,GRUPOS,K,UZBEKISTAN,COLOMBIA,1,3,
Artola,63,GRUPOS,K,PORTUGAL,UZBEKISTAN,4,1,
Artola,64,GRUPOS,K,COLOMBIA,RD CONGO,2,0,
Artola,65,GRUPOS,K,RD CONGO,UZBEKISTAN,0,1,
Artola,66,GRUPOS,K,COLOMBIA,PORTUGAL,1,3,
Artola,67,GRUPOS,L,INGLATERRA,CROACIA,2,1,
Artola,68,GRUPOS,L,GHANA,PANAMA,0,1,
Artola,69,GRUPOS,L,INGLATERRA,GHANA,2,1,
Artola,70,GRUPOS,L,PANAMA,CROACIA,0,2,
Artola,71,GRUPOS,L,CROACIA,GHANA,2,0,
Artola,72,GRUPOS,L,PANAMA,INGLATERRA,0,3,
Artola,73,16AVOS,R32,SUDAFRICA,CANADA,0,2,CANADA
Artola,74,16AVOS,R32,ALEMANIA,PARAGUAY,3,1,ALEMANIA
Artola,76,16AVOS,R32,BRASIL,JAPON,4,0,BRASIL
Biankits,1,GRUPOS,A,MEXICO,SUDAFRICA,2,0,
Biankits,2,GRUPOS,A,COREA DEL SUR,REPUBLICA CHECA,2,1,
Biankits,3,GRUPOS,A,REPUBLICA CHECA,SUDAFRICA,2,0,
Biankits,4,GRUPOS,A,MEXICO,COREA DEL SUR,1,1,
Biankits,5,GRUPOS,A,SUDAFRICA,COREA DEL SUR,0,2,
Biankits,6,GRUPOS,A,REPUBLICA CHECA,MEXICO,1,1,
Biankits,7,GRUPOS,B,CANADA,BOSNIA,2,1,
Biankits,8,GRUPOS,B,QATAR,SUIZA,0,2,
Biankits,9,GRUPOS,B,SUIZA,BOSNIA,2,0,
Biankits,10,GRUPOS,B,CANADA,QATAR,3,0,
Biankits,11,GRUPOS,B,BOSNIA,QATAR,2,0,
Biankits,12,GRUPOS,B,SUIZA,CANADA,1,1,
Biankits,13,GRUPOS,C,BRASIL,MARRUECOS,1,0,
Biankits,14,GRUPOS,C,HAITI,ESCOCIA,0,2,
Biankits,15,GRUPOS,C,ESCOCIA,MARRUECOS,0,1,
Biankits,16,GRUPOS,C,BRASIL,HAITI,4,0,
Biankits,17,GRUPOS,C,ESCOCIA,BRASIL,0,2,
Biankits,18,GRUPOS,C,MARRUECOS,HAITI,3,0,
Biankits,19,GRUPOS,D,ESTADOS UNIDOS,PARAGUAY,2,1,
Biankits,20,GRUPOS,D,AUSTRALIA,TURQUIA,0,1,
Biankits,21,GRUPOS,D,ESTADOS UNIDOS,AUSTRALIA,2,1,
Biankits,22,GRUPOS,D,TURQUIA,PARAGUAY,1,0,
Biankits,23,GRUPOS,D,PARAGUAY,AUSTRALIA,2,1,
Biankits,24,GRUPOS,D,TURQUIA,ESTADOS UNIDOS,1,1,
Biankits,25,GRUPOS,E,ALEMANIA,CURAZAO,5,0,
Biankits,26,GRUPOS,E,COSTA DE MARFIL,ECUADOR,1,2,
Biankits,27,GRUPOS,E,ALEMANIA,COSTA DE MARFIL,3,1,
Biankits,28,GRUPOS,E,ECUADOR,CURAZAO,3,0,
Biankits,29,GRUPOS,E,CURAZAO,COSTA DE MARFIL,0,3,
Biankits,30,GRUPOS,E,ECUADOR,ALEMANIA,1,3,
Biankits,31,GRUPOS,F,PAISES BAJOS,JAPON,1,1,
Biankits,32,GRUPOS,F,SUECIA,TUNEZ,2,0,
Biankits,33,GRUPOS,F,PAISES BAJOS,SUECIA,2,1,
Biankits,34,GRUPOS,F,TUNEZ,JAPON,0,2,
Biankits,35,GRUPOS,F,JAPON,SUECIA,1,1,
Biankits,36,GRUPOS,F,TUNEZ,PAISES BAJOS,0,3,
Biankits,37,GRUPOS,G,BELGICA,EGIPTO,2,0,
Biankits,38,GRUPOS,G,IRAN,NUEVA ZELANDA,2,0,
Biankits,39,GRUPOS,G,BELGICA,IRAN,2,0,
Biankits,40,GRUPOS,G,NUEVA ZELANDA,EGIPTO,0,2,
Biankits,41,GRUPOS,G,NUEVA ZELANDA,BELGICA,0,3,
Biankits,42,GRUPOS,G,EGIPTO,IRAN,1,1,
Biankits,43,GRUPOS,H,ESPAÑA,CABO VERDE,4,0,
Biankits,44,GRUPOS,H,ARABIA SAUDITA,URUGUAY,0,2,
Biankits,45,GRUPOS,H,ESPAÑA,ARABIA SAUDITA,3,0,
Biankits,46,GRUPOS,H,URUGUAY,CABO VERDE,3,0,
Biankits,47,GRUPOS,H,CABO VERDE,ARABIA SAUDITA,1,2,
Biankits,48,GRUPOS,H,URUGUAY,ESPAÑA,0,2,
Biankits,49,GRUPOS,I,FRANCIA,SENEGAL,2,0,
Biankits,50,GRUPOS,I,IRAK,NORUEGA,0,3,
Biankits,51,GRUPOS,I,FRANCIA,IRAK,5,0,
Biankits,52,GRUPOS,I,NORUEGA,SENEGAL,1,1,
Biankits,53,GRUPOS,I,SENEGAL,IRAK,3,0,
Biankits,54,GRUPOS,I,NORUEGA,FRANCIA,1,2,
Biankits,55,GRUPOS,J,ARGENTINA,ARGELIA,3,0,
Biankits,56,GRUPOS,J,AUSTRIA,JORDANIA,3,0,
Biankits,57,GRUPOS,J,ARGENTINA,AUSTRIA,2,0,
Biankits,58,GRUPOS,J,JORDANIA,ARGELIA,1,1,
Biankits,59,GRUPOS,J,ARGELIA,AUSTRIA,0,2,
Biankits,60,GRUPOS,J,JORDANIA,ARGENTINA,0,3,
Biankits,61,GRUPOS,K,PORTUGAL,RD CONGO,3,0,
Biankits,62,GRUPOS,K,UZBEKISTAN,COLOMBIA,0,2,
Biankits,63,GRUPOS,K,PORTUGAL,UZBEKISTAN,4,0,
Biankits,64,GRUPOS,K,COLOMBIA,RD CONGO,3,0,
Biankits,65,GRUPOS,K,RD CONGO,UZBEKISTAN,1,1,
Biankits,66,GRUPOS,K,COLOMBIA,PORTUGAL,1,1,
Biankits,67,GRUPOS,L,INGLATERRA,CROACIA,1,1,
Biankits,68,GRUPOS,L,GHANA,PANAMA,2,0,
Biankits,69,GRUPOS,L,INGLATERRA,GHANA,2,0,
Biankits,70,GRUPOS,L,PANAMA,CROACIA,0,2,
Biankits,71,GRUPOS,L,CROACIA,GHANA,1,0,
Biankits,72,GRUPOS,L,PANAMA,INGLATERRA,0,4,
Biankits,73,16AVOS,R32,SUDAFRICA,CANADA,0,1,CANADA
Biankits,74,16AVOS,R32,ALEMANIA,PARAGUAY,2,0,ALEMANIA
Biankits,76,16AVOS,R32,BRASIL,JAPON,2,0,BRASIL
Dcas,1,GRUPOS,A,MEXICO,SUDAFRICA,2,0,
Dcas,2,GRUPOS,A,COREA DEL SUR,REPUBLICA CHECA,1,2,
Dcas,3,GRUPOS,A,REPUBLICA CHECA,SUDAFRICA,2,0,
Dcas,4,GRUPOS,A,MEXICO,COREA DEL SUR,1,1,
Dcas,5,GRUPOS,A,SUDAFRICA,COREA DEL SUR,0,1,
Dcas,6,GRUPOS,A,REPUBLICA CHECA,MEXICO,1,1,
Dcas,7,GRUPOS,B,CANADA,BOSNIA,1,2,
Dcas,8,GRUPOS,B,QATAR,SUIZA,0,2,
Dcas,9,GRUPOS,B,SUIZA,BOSNIA,2,1,
Dcas,10,GRUPOS,B,CANADA,QATAR,1,0,
Dcas,11,GRUPOS,B,BOSNIA,QATAR,2,0,
Dcas,12,GRUPOS,B,SUIZA,CANADA,2,0,
Dcas,13,GRUPOS,C,BRASIL,MARRUECOS,3,2,
Dcas,14,GRUPOS,C,HAITI,ESCOCIA,0,2,
Dcas,15,GRUPOS,C,ESCOCIA,MARRUECOS,1,2,
Dcas,16,GRUPOS,C,BRASIL,HAITI,4,0,
Dcas,17,GRUPOS,C,ESCOCIA,BRASIL,1,3,
Dcas,18,GRUPOS,C,MARRUECOS,HAITI,4,1,
Dcas,19,GRUPOS,D,ESTADOS UNIDOS,PARAGUAY,1,2,
Dcas,20,GRUPOS,D,AUSTRALIA,TURQUIA,0,2,
Dcas,21,GRUPOS,D,ESTADOS UNIDOS,AUSTRALIA,1,0,
Dcas,22,GRUPOS,D,TURQUIA,PARAGUAY,2,2,
Dcas,23,GRUPOS,D,PARAGUAY,AUSTRALIA,2,1,
Dcas,24,GRUPOS,D,TURQUIA,ESTADOS UNIDOS,2,1,
Dcas,25,GRUPOS,E,ALEMANIA,CURAZAO,3,0,
Dcas,26,GRUPOS,E,COSTA DE MARFIL,ECUADOR,1,1,
Dcas,27,GRUPOS,E,ALEMANIA,COSTA DE MARFIL,2,1,
Dcas,28,GRUPOS,E,ECUADOR,CURAZAO,2,0,
Dcas,29,GRUPOS,E,CURAZAO,COSTA DE MARFIL,0,3,
Dcas,30,GRUPOS,E,ECUADOR,ALEMANIA,0,2,
Dcas,31,GRUPOS,F,PAISES BAJOS,JAPON,1,1,
Dcas,32,GRUPOS,F,SUECIA,TUNEZ,2,0,
Dcas,33,GRUPOS,F,PAISES BAJOS,SUECIA,2,1,
Dcas,34,GRUPOS,F,TUNEZ,JAPON,0,2,
Dcas,35,GRUPOS,F,JAPON,SUECIA,2,1,
Dcas,36,GRUPOS,F,TUNEZ,PAISES BAJOS,0,2,
Dcas,37,GRUPOS,G,BELGICA,EGIPTO,3,0,
Dcas,38,GRUPOS,G,IRAN,NUEVA ZELANDA,2,0,
Dcas,39,GRUPOS,G,BELGICA,IRAN,2,1,
Dcas,40,GRUPOS,G,NUEVA ZELANDA,EGIPTO,1,2,
Dcas,41,GRUPOS,G,NUEVA ZELANDA,BELGICA,0,2,
Dcas,42,GRUPOS,G,EGIPTO,IRAN,1,2,
Dcas,43,GRUPOS,H,ESPAÑA,CABO VERDE,3,0,
Dcas,44,GRUPOS,H,ARABIA SAUDITA,URUGUAY,1,2,
Dcas,45,GRUPOS,H,ESPAÑA,ARABIA SAUDITA,2,0,
Dcas,46,GRUPOS,H,URUGUAY,CABO VERDE,2,1,
Dcas,47,GRUPOS,H,CABO VERDE,ARABIA SAUDITA,2,0,
Dcas,48,GRUPOS,H,URUGUAY,ESPAÑA,0,3,
Dcas,49,GRUPOS,I,FRANCIA,SENEGAL,3,1,
Dcas,50,GRUPOS,I,IRAK,NORUEGA,0,3,
Dcas,51,GRUPOS,I,FRANCIA,IRAK,3,0,
Dcas,52,GRUPOS,I,NORUEGA,SENEGAL,2,2,
Dcas,53,GRUPOS,I,SENEGAL,IRAK,3,0,
Dcas,54,GRUPOS,I,NORUEGA,FRANCIA,2,2,
Dcas,55,GRUPOS,J,ARGENTINA,ARGELIA,2,1,
Dcas,56,GRUPOS,J,AUSTRIA,JORDANIA,3,0,
Dcas,57,GRUPOS,J,ARGENTINA,AUSTRIA,2,1,
Dcas,58,GRUPOS,J,JORDANIA,ARGELIA,1,2,
Dcas,59,GRUPOS,J,ARGELIA,AUSTRIA,1,2,
Dcas,60,GRUPOS,J,JORDANIA,ARGENTINA,0,3,
Dcas,61,GRUPOS,K,PORTUGAL,RD CONGO,3,0,
Dcas,62,GRUPOS,K,UZBEKISTAN,COLOMBIA,0,2,
Dcas,63,GRUPOS,K,PORTUGAL,UZBEKISTAN,2,0,
Dcas,64,GRUPOS,K,COLOMBIA,RD CONGO,2,1,
Dcas,65,GRUPOS,K,RD CONGO,UZBEKISTAN,1,0,
Dcas,66,GRUPOS,K,COLOMBIA,PORTUGAL,1,2,
Dcas,67,GRUPOS,L,INGLATERRA,CROACIA,2,1,
Dcas,68,GRUPOS,L,GHANA,PANAMA,2,0,
Dcas,69,GRUPOS,L,INGLATERRA,GHANA,2,1,
Dcas,70,GRUPOS,L,PANAMA,CROACIA,0,3,
Dcas,71,GRUPOS,L,CROACIA,GHANA,1,1,
Dcas,72,GRUPOS,L,PANAMA,INGLATERRA,0,4,
Dcas,73,16AVOS,R32,SUDAFRICA,CANADA,1,3,CANADA
Dcas,74,16AVOS,R32,ALEMANIA,PARAGUAY,2,0,ALEMANIA
Dcas,76,16AVOS,R32,BRASIL,JAPON,2,1,BRASIL
Djunza,1,GRUPOS,A,MEXICO,SUDAFRICA,2,0,
Djunza,2,GRUPOS,A,COREA DEL SUR,REPUBLICA CHECA,1,1,
Djunza,3,GRUPOS,A,REPUBLICA CHECA,SUDAFRICA,1,0,
Djunza,4,GRUPOS,A,MEXICO,COREA DEL SUR,1,1,
Djunza,5,GRUPOS,A,SUDAFRICA,COREA DEL SUR,0,1,
Djunza,6,GRUPOS,A,REPUBLICA CHECA,MEXICO,0,1,
Djunza,7,GRUPOS,B,CANADA,BOSNIA,1,0,
Djunza,8,GRUPOS,B,QATAR,SUIZA,0,2,
Djunza,9,GRUPOS,B,SUIZA,BOSNIA,1,0,
Djunza,10,GRUPOS,B,CANADA,QATAR,2,0,
Djunza,11,GRUPOS,B,BOSNIA,QATAR,1,0,
Djunza,12,GRUPOS,B,SUIZA,CANADA,1,0,
Djunza,13,GRUPOS,C,BRASIL,MARRUECOS,1,0,
Djunza,14,GRUPOS,C,HAITI,ESCOCIA,0,1,
Djunza,15,GRUPOS,C,ESCOCIA,MARRUECOS,0,2,
Djunza,16,GRUPOS,C,BRASIL,HAITI,2,0,
Djunza,17,GRUPOS,C,ESCOCIA,BRASIL,0,1,
Djunza,18,GRUPOS,C,MARRUECOS,HAITI,2,0,
Djunza,19,GRUPOS,D,ESTADOS UNIDOS,PARAGUAY,1,1,
Djunza,20,GRUPOS,D,AUSTRALIA,TURQUIA,0,1,
Djunza,21,GRUPOS,D,ESTADOS UNIDOS,AUSTRALIA,1,0,
Djunza,22,GRUPOS,D,TURQUIA,PARAGUAY,1,0,
Djunza,23,GRUPOS,D,PARAGUAY,AUSTRALIA,1,0,
Djunza,24,GRUPOS,D,TURQUIA,ESTADOS UNIDOS,1,1,
Djunza,25,GRUPOS,E,ALEMANIA,CURAZAO,4,0,
Djunza,26,GRUPOS,E,COSTA DE MARFIL,ECUADOR,1,1,
Djunza,27,GRUPOS,E,ALEMANIA,COSTA DE MARFIL,1,0,
Djunza,28,GRUPOS,E,ECUADOR,CURAZAO,2,0,
Djunza,29,GRUPOS,E,CURAZAO,COSTA DE MARFIL,0,1,
Djunza,30,GRUPOS,E,ECUADOR,ALEMANIA,1,1,
Djunza,31,GRUPOS,F,PAISES BAJOS,JAPON,1,0,
Djunza,32,GRUPOS,F,SUECIA,TUNEZ,1,0,
Djunza,33,GRUPOS,F,PAISES BAJOS,SUECIA,1,0,
Djunza,34,GRUPOS,F,TUNEZ,JAPON,0,1,
Djunza,35,GRUPOS,F,JAPON,SUECIA,1,0,
Djunza,36,GRUPOS,F,TUNEZ,PAISES BAJOS,0,2,
Djunza,37,GRUPOS,G,BELGICA,EGIPTO,1,0,
Djunza,38,GRUPOS,G,IRAN,NUEVA ZELANDA,1,0,
Djunza,39,GRUPOS,G,BELGICA,IRAN,1,0,
Djunza,40,GRUPOS,G,NUEVA ZELANDA,EGIPTO,0,1,
Djunza,41,GRUPOS,G,NUEVA ZELANDA,BELGICA,0,2,
Djunza,42,GRUPOS,G,EGIPTO,IRAN,0,1,
Djunza,43,GRUPOS,H,ESPAÑA,CABO VERDE,4,0,
Djunza,44,GRUPOS,H,ARABIA SAUDITA,URUGUAY,1,2,
Djunza,45,GRUPOS,H,ESPAÑA,ARABIA SAUDITA,2,0,
Djunza,46,GRUPOS,H,URUGUAY,CABO VERDE,2,0,
Djunza,47,GRUPOS,H,CABO VERDE,ARABIA SAUDITA,1,1,
Djunza,48,GRUPOS,H,URUGUAY,ESPAÑA,0,1,
Djunza,49,GRUPOS,I,FRANCIA,SENEGAL,2,1,
Djunza,50,GRUPOS,I,IRAK,NORUEGA,0,2,
Djunza,51,GRUPOS,I,FRANCIA,IRAK,3,0,
Djunza,52,GRUPOS,I,NORUEGA,SENEGAL,1,1,
Djunza,53,GRUPOS,I,SENEGAL,IRAK,2,0,
Djunza,54,GRUPOS,I,NORUEGA,FRANCIA,0,1,
Djunza,55,GRUPOS,J,ARGENTINA,ARGELIA,2,0,
Djunza,56,GRUPOS,J,AUSTRIA,JORDANIA,1,0,
Djunza,57,GRUPOS,J,ARGENTINA,AUSTRIA,2,0,
Djunza,58,GRUPOS,J,JORDANIA,ARGELIA,0,1,
Djunza,59,GRUPOS,J,ARGELIA,AUSTRIA,0,1,
Djunza,60,GRUPOS,J,JORDANIA,ARGENTINA,0,3,
Djunza,61,GRUPOS,K,PORTUGAL,RD CONGO,3,0,
Djunza,62,GRUPOS,K,UZBEKISTAN,COLOMBIA,0,2,
Djunza,63,GRUPOS,K,PORTUGAL,UZBEKISTAN,2,0,
Djunza,64,GRUPOS,K,COLOMBIA,RD CONGO,2,0,
Djunza,65,GRUPOS,K,RD CONGO,UZBEKISTAN,0,1,
Djunza,66,GRUPOS,K,COLOMBIA,PORTUGAL,1,1,
Djunza,67,GRUPOS,L,INGLATERRA,CROACIA,1,1,
Djunza,68,GRUPOS,L,GHANA,PANAMA,0,1,
Djunza,69,GRUPOS,L,INGLATERRA,GHANA,2,0,
Djunza,70,GRUPOS,L,PANAMA,CROACIA,0,2,
Djunza,71,GRUPOS,L,CROACIA,GHANA,2,0,
Djunza,72,GRUPOS,L,PANAMA,INGLATERRA,0,3,
Djunza,73,16AVOS,R32,SUDAFRICA,CANADA,1,2,CANADA
Djunza,74,16AVOS,R32,ALEMANIA,PARAGUAY,2,1,ALEMANIA
Djunza,76,16AVOS,R32,BRASIL,JAPON,2,1,BRASIL
Gus,1,GRUPOS,A,MEXICO,SUDAFRICA,2,0,
Gus,2,GRUPOS,A,COREA DEL SUR,REPUBLICA CHECA,2,1,
Gus,3,GRUPOS,A,REPUBLICA CHECA,SUDAFRICA,2,0,
Gus,4,GRUPOS,A,MEXICO,COREA DEL SUR,1,0,
Gus,5,GRUPOS,A,SUDAFRICA,COREA DEL SUR,0,2,
Gus,6,GRUPOS,A,REPUBLICA CHECA,MEXICO,0,1,
Gus,7,GRUPOS,B,CANADA,BOSNIA,2,1,
Gus,8,GRUPOS,B,QATAR,SUIZA,0,2,
Gus,9,GRUPOS,B,SUIZA,BOSNIA,2,0,
Gus,10,GRUPOS,B,CANADA,QATAR,3,0,
Gus,11,GRUPOS,B,BOSNIA,QATAR,2,0,
Gus,12,GRUPOS,B,SUIZA,CANADA,2,1,
Gus,13,GRUPOS,C,BRASIL,MARRUECOS,2,0,
Gus,14,GRUPOS,C,HAITI,ESCOCIA,0,2,
Gus,15,GRUPOS,C,ESCOCIA,MARRUECOS,1,2,
Gus,16,GRUPOS,C,BRASIL,HAITI,4,0,
Gus,17,GRUPOS,C,ESCOCIA,BRASIL,0,2,
Gus,18,GRUPOS,C,MARRUECOS,HAITI,3,0,
Gus,19,GRUPOS,D,ESTADOS UNIDOS,PARAGUAY,2,0,
Gus,20,GRUPOS,D,AUSTRALIA,TURQUIA,1,2,
Gus,21,GRUPOS,D,ESTADOS UNIDOS,AUSTRALIA,2,0,
Gus,22,GRUPOS,D,TURQUIA,PARAGUAY,2,0,
Gus,23,GRUPOS,D,PARAGUAY,AUSTRALIA,2,1,
Gus,24,GRUPOS,D,TURQUIA,ESTADOS UNIDOS,1,2,
Gus,25,GRUPOS,E,ALEMANIA,CURAZAO,5,0,
Gus,26,GRUPOS,E,COSTA DE MARFIL,ECUADOR,1,2,
Gus,27,GRUPOS,E,ALEMANIA,COSTA DE MARFIL,3,1,
Gus,28,GRUPOS,E,ECUADOR,CURAZAO,3,0,
Gus,29,GRUPOS,E,CURAZAO,COSTA DE MARFIL,0,3,
Gus,30,GRUPOS,E,ECUADOR,ALEMANIA,0,2,
Gus,31,GRUPOS,F,PAISES BAJOS,JAPON,2,1,
Gus,32,GRUPOS,F,SUECIA,TUNEZ,2,0,
Gus,33,GRUPOS,F,PAISES BAJOS,SUECIA,2,1,
Gus,34,GRUPOS,F,TUNEZ,JAPON,0,2,
Gus,35,GRUPOS,F,JAPON,SUECIA,1,0,
Gus,36,GRUPOS,F,TUNEZ,PAISES BAJOS,0,3,
Gus,37,GRUPOS,G,BELGICA,EGIPTO,2,0,
Gus,38,GRUPOS,G,IRAN,NUEVA ZELANDA,2,0,
Gus,39,GRUPOS,G,BELGICA,IRAN,2,0,
Gus,40,GRUPOS,G,NUEVA ZELANDA,EGIPTO,0,2,
Gus,41,GRUPOS,G,NUEVA ZELANDA,BELGICA,0,3,
Gus,42,GRUPOS,G,EGIPTO,IRAN,1,0,
Gus,43,GRUPOS,H,ESPAÑA,CABO VERDE,4,0,
Gus,44,GRUPOS,H,ARABIA SAUDITA,URUGUAY,0,2,
Gus,45,GRUPOS,H,ESPAÑA,ARABIA SAUDITA,3,0,
Gus,46,GRUPOS,H,URUGUAY,CABO VERDE,3,0,
Gus,47,GRUPOS,H,CABO VERDE,ARABIA SAUDITA,1,2,
Gus,48,GRUPOS,H,URUGUAY,ESPAÑA,1,2,
Gus,49,GRUPOS,I,FRANCIA,SENEGAL,2,0,
Gus,50,GRUPOS,I,IRAK,NORUEGA,0,3,
Gus,51,GRUPOS,I,FRANCIA,IRAK,5,0,
Gus,52,GRUPOS,I,NORUEGA,SENEGAL,2,1,
Gus,53,GRUPOS,I,SENEGAL,IRAK,3,0,
Gus,54,GRUPOS,I,NORUEGA,FRANCIA,1,2,
Gus,55,GRUPOS,J,ARGENTINA,ARGELIA,3,0,
Gus,56,GRUPOS,J,AUSTRIA,JORDANIA,3,0,
Gus,57,GRUPOS,J,ARGENTINA,AUSTRIA,2,0,
Gus,58,GRUPOS,J,JORDANIA,ARGELIA,0,1,
Gus,59,GRUPOS,J,ARGELIA,AUSTRIA,0,2,
Gus,60,GRUPOS,J,JORDANIA,ARGENTINA,0,3,
Gus,61,GRUPOS,K,PORTUGAL,RD CONGO,3,0,
Gus,62,GRUPOS,K,UZBEKISTAN,COLOMBIA,0,2,
Gus,63,GRUPOS,K,PORTUGAL,UZBEKISTAN,4,0,
Gus,64,GRUPOS,K,COLOMBIA,RD CONGO,3,0,
Gus,65,GRUPOS,K,RD CONGO,UZBEKISTAN,1,0,
Gus,66,GRUPOS,K,COLOMBIA,PORTUGAL,1,2,
Gus,67,GRUPOS,L,INGLATERRA,CROACIA,2,0,
Gus,68,GRUPOS,L,GHANA,PANAMA,2,0,
Gus,69,GRUPOS,L,INGLATERRA,GHANA,2,0,
Gus,70,GRUPOS,L,PANAMA,CROACIA,0,2,
Gus,71,GRUPOS,L,CROACIA,GHANA,2,1,
Gus,72,GRUPOS,L,PANAMA,INGLATERRA,0,4,
Gus,73,16AVOS,R32,SUDAFRICA,CANADA,1,2,CANADA
Gus,74,16AVOS,R32,ALEMANIA,PARAGUAY,3,0,ALEMANIA
Gus,76,16AVOS,R32,BRASIL,JAPON,2,1,BRASIL
Jogy,1,GRUPOS,A,MEXICO,SUDAFRICA,3,1,
Jogy,2,GRUPOS,A,COREA DEL SUR,REPUBLICA CHECA,2,1,
Jogy,3,GRUPOS,A,REPUBLICA CHECA,SUDAFRICA,1,1,
Jogy,4,GRUPOS,A,MEXICO,COREA DEL SUR,1,2,
Jogy,5,GRUPOS,A,SUDAFRICA,COREA DEL SUR,2,0,
Jogy,6,GRUPOS,A,REPUBLICA CHECA,MEXICO,0,2,
Jogy,7,GRUPOS,B,CANADA,BOSNIA,2,0,
Jogy,8,GRUPOS,B,QATAR,SUIZA,0,3,
Jogy,9,GRUPOS,B,SUIZA,BOSNIA,2,1,
Jogy,10,GRUPOS,B,CANADA,QATAR,3,1,
Jogy,11,GRUPOS,B,BOSNIA,QATAR,1,1,
Jogy,12,GRUPOS,B,SUIZA,CANADA,1,1,
Jogy,13,GRUPOS,C,BRASIL,MARRUECOS,1,1,
Jogy,14,GRUPOS,C,HAITI,ESCOCIA,0,2,
Jogy,15,GRUPOS,C,ESCOCIA,MARRUECOS,1,2,
Jogy,16,GRUPOS,C,BRASIL,HAITI,4,0,
Jogy,17,GRUPOS,C,ESCOCIA,BRASIL,0,3,
Jogy,18,GRUPOS,C,MARRUECOS,HAITI,3,0,
Jogy,19,GRUPOS,D,ESTADOS UNIDOS,PARAGUAY,2,1,
Jogy,20,GRUPOS,D,AUSTRALIA,TURQUIA,0,2,
Jogy,21,GRUPOS,D,ESTADOS UNIDOS,AUSTRALIA,2,1,
Jogy,22,GRUPOS,D,TURQUIA,PARAGUAY,2,0,
Jogy,23,GRUPOS,D,PARAGUAY,AUSTRALIA,1,1,
Jogy,24,GRUPOS,D,TURQUIA,ESTADOS UNIDOS,2,1,
Jogy,25,GRUPOS,E,ALEMANIA,CURAZAO,4,0,
Jogy,26,GRUPOS,E,COSTA DE MARFIL,ECUADOR,1,1,
Jogy,27,GRUPOS,E,ALEMANIA,COSTA DE MARFIL,2,0,
Jogy,28,GRUPOS,E,ECUADOR,CURAZAO,2,0,
Jogy,29,GRUPOS,E,CURAZAO,COSTA DE MARFIL,1,2,
Jogy,30,GRUPOS,E,ECUADOR,ALEMANIA,1,1,
Jogy,31,GRUPOS,F,PAISES BAJOS,JAPON,2,1,
Jogy,32,GRUPOS,F,SUECIA,TUNEZ,1,1,
Jogy,33,GRUPOS,F,PAISES BAJOS,SUECIA,2,0,
Jogy,34,GRUPOS,F,TUNEZ,JAPON,0,1,
Jogy,35,GRUPOS,F,JAPON,SUECIA,2,1,
Jogy,36,GRUPOS,F,TUNEZ,PAISES BAJOS,0,3,
Jogy,37,GRUPOS,G,BELGICA,EGIPTO,2,0,
Jogy,38,GRUPOS,G,IRAN,NUEVA ZELANDA,2,0,
Jogy,39,GRUPOS,G,BELGICA,IRAN,3,1,
Jogy,40,GRUPOS,G,NUEVA ZELANDA,EGIPTO,1,1,
Jogy,41,GRUPOS,G,NUEVA ZELANDA,BELGICA,0,4,
Jogy,42,GRUPOS,G,EGIPTO,IRAN,1,1,
Jogy,43,GRUPOS,H,ESPAÑA,CABO VERDE,4,0,
Jogy,44,GRUPOS,H,ARABIA SAUDITA,URUGUAY,0,2,
Jogy,45,GRUPOS,H,ESPAÑA,ARABIA SAUDITA,3,0,
Jogy,46,GRUPOS,H,URUGUAY,CABO VERDE,2,0,
Jogy,47,GRUPOS,H,CABO VERDE,ARABIA SAUDITA,1,1,
Jogy,48,GRUPOS,H,URUGUAY,ESPAÑA,1,2,
Jogy,49,GRUPOS,I,FRANCIA,SENEGAL,2,1,
Jogy,50,GRUPOS,I,IRAK,NORUEGA,0,2,
Jogy,51,GRUPOS,I,FRANCIA,IRAK,3,0,
Jogy,52,GRUPOS,I,NORUEGA,SENEGAL,2,1,
Jogy,53,GRUPOS,I,SENEGAL,IRAK,2,0,
Jogy,54,GRUPOS,I,NORUEGA,FRANCIA,1,1,
Jogy,55,GRUPOS,J,ARGENTINA,ARGELIA,3,0,
Jogy,56,GRUPOS,J,AUSTRIA,JORDANIA,2,0,
Jogy,57,GRUPOS,J,ARGENTINA,AUSTRIA,2,1,
Jogy,58,GRUPOS,J,JORDANIA,ARGELIA,1,1,
Jogy,59,GRUPOS,J,ARGELIA,AUSTRIA,1,2,
Jogy,60,GRUPOS,J,JORDANIA,ARGENTINA,0,3,
Jogy,61,GRUPOS,K,PORTUGAL,RD CONGO,3,0,
Jogy,62,GRUPOS,K,UZBEKISTAN,COLOMBIA,0,2,
Jogy,63,GRUPOS,K,PORTUGAL,UZBEKISTAN,2,0,
Jogy,64,GRUPOS,K,COLOMBIA,RD CONGO,2,1,
Jogy,65,GRUPOS,K,RD CONGO,UZBEKISTAN,1,1,
Jogy,66,GRUPOS,K,COLOMBIA,PORTUGAL,1,1,
Jogy,67,GRUPOS,L,INGLATERRA,CROACIA,2,1,
Jogy,68,GRUPOS,L,GHANA,PANAMA,1,1,
Jogy,69,GRUPOS,L,INGLATERRA,GHANA,3,0,
Jogy,70,GRUPOS,L,PANAMA,CROACIA,0,2,
Jogy,71,GRUPOS,L,CROACIA,GHANA,2,1,
Jogy,72,GRUPOS,L,PANAMA,INGLATERRA,0,4,
Jogy,73,16AVOS,R32,SUDAFRICA,CANADA,1,3,CANADA
Jogy,74,16AVOS,R32,ALEMANIA,PARAGUAY,1,0,ALEMANIA
Jogy,76,16AVOS,R32,BRASIL,JAPON,2,1,BRASIL
Kratos,1,GRUPOS,A,MEXICO,SUDAFRICA,1,0,
Kratos,2,GRUPOS,A,COREA DEL SUR,REPUBLICA CHECA,1,2,
Kratos,3,GRUPOS,A,REPUBLICA CHECA,SUDAFRICA,1,0,
Kratos,4,GRUPOS,A,MEXICO,COREA DEL SUR,2,1,
Kratos,5,GRUPOS,A,SUDAFRICA,COREA DEL SUR,0,2,
Kratos,6,GRUPOS,A,REPUBLICA CHECA,MEXICO,1,2,
Kratos,7,GRUPOS,B,CANADA,BOSNIA,2,1,
Kratos,8,GRUPOS,B,QATAR,SUIZA,0,2,
Kratos,9,GRUPOS,B,SUIZA,BOSNIA,2,1,
Kratos,10,GRUPOS,B,CANADA,QATAR,2,0,
Kratos,11,GRUPOS,B,BOSNIA,QATAR,2,1,
Kratos,12,GRUPOS,B,SUIZA,CANADA,1,1,
Kratos,13,GRUPOS,C,BRASIL,MARRUECOS,2,1,
Kratos,14,GRUPOS,C,HAITI,ESCOCIA,0,1,
Kratos,15,GRUPOS,C,ESCOCIA,MARRUECOS,1,2,
Kratos,16,GRUPOS,C,BRASIL,HAITI,3,0,
Kratos,17,GRUPOS,C,ESCOCIA,BRASIL,0,2,
Kratos,18,GRUPOS,C,MARRUECOS,HAITI,3,0,
Kratos,19,GRUPOS,D,ESTADOS UNIDOS,PARAGUAY,2,1,
Kratos,20,GRUPOS,D,AUSTRALIA,TURQUIA,1,2,
Kratos,21,GRUPOS,D,ESTADOS UNIDOS,AUSTRALIA,2,0,
Kratos,22,GRUPOS,D,TURQUIA,PARAGUAY,1,1,
Kratos,23,GRUPOS,D,PARAGUAY,AUSTRALIA,1,1,
Kratos,24,GRUPOS,D,TURQUIA,ESTADOS UNIDOS,1,1,
Kratos,25,GRUPOS,E,ALEMANIA,CURAZAO,3,0,
Kratos,26,GRUPOS,E,COSTA DE MARFIL,ECUADOR,1,1,
Kratos,27,GRUPOS,E,ALEMANIA,COSTA DE MARFIL,2,1,
Kratos,28,GRUPOS,E,ECUADOR,CURAZAO,2,0,
Kratos,29,GRUPOS,E,CURAZAO,COSTA DE MARFIL,0,2,
Kratos,30,GRUPOS,E,ECUADOR,ALEMANIA,1,1,
Kratos,31,GRUPOS,F,PAISES BAJOS,JAPON,2,1,
Kratos,32,GRUPOS,F,SUECIA,TUNEZ,1,0,
Kratos,33,GRUPOS,F,PAISES BAJOS,SUECIA,2,0,
Kratos,34,GRUPOS,F,TUNEZ,JAPON,0,2,
Kratos,35,GRUPOS,F,JAPON,SUECIA,1,1,
Kratos,36,GRUPOS,F,TUNEZ,PAISES BAJOS,0,2,
Kratos,37,GRUPOS,G,BELGICA,EGIPTO,2,1,
Kratos,38,GRUPOS,G,IRAN,NUEVA ZELANDA,2,0,
Kratos,39,GRUPOS,G,BELGICA,IRAN,2,0,
Kratos,40,GRUPOS,G,NUEVA ZELANDA,EGIPTO,0,2,
Kratos,41,GRUPOS,G,NUEVA ZELANDA,BELGICA,0,3,
Kratos,42,GRUPOS,G,EGIPTO,IRAN,1,0,
Kratos,43,GRUPOS,H,ESPAÑA,CABO VERDE,3,0,
Kratos,44,GRUPOS,H,ARABIA SAUDITA,URUGUAY,0,2,
Kratos,45,GRUPOS,H,ESPAÑA,ARABIA SAUDITA,2,0,
Kratos,46,GRUPOS,H,URUGUAY,CABO VERDE,2,0,
Kratos,47,GRUPOS,H,CABO VERDE,ARABIA SAUDITA,1,1,
Kratos,48,GRUPOS,H,URUGUAY,ESPAÑA,1,1,
Kratos,49,GRUPOS,I,FRANCIA,SENEGAL,2,1,
Kratos,50,GRUPOS,I,IRAK,NORUEGA,0,2,
Kratos,51,GRUPOS,I,FRANCIA,IRAK,3,0,
Kratos,52,GRUPOS,I,NORUEGA,SENEGAL,1,1,
Kratos,53,GRUPOS,I,SENEGAL,IRAK,2,0,
Kratos,54,GRUPOS,I,NORUEGA,FRANCIA,1,2,
Kratos,55,GRUPOS,J,ARGENTINA,ARGELIA,2,0,
Kratos,56,GRUPOS,J,AUSTRIA,JORDANIA,1,0,
Kratos,57,GRUPOS,J,ARGENTINA,AUSTRIA,2,0,
Kratos,58,GRUPOS,J,JORDANIA,ARGELIA,0,1,
Kratos,59,GRUPOS,J,ARGELIA,AUSTRIA,1,1,
Kratos,60,GRUPOS,J,JORDANIA,ARGENTINA,0,3,
Kratos,61,GRUPOS,K,PORTUGAL,RD CONGO,3,0,
Kratos,62,GRUPOS,K,UZBEKISTAN,COLOMBIA,0,2,
Kratos,63,GRUPOS,K,PORTUGAL,UZBEKISTAN,2,0,
Kratos,64,GRUPOS,K,COLOMBIA,RD CONGO,2,0,
Kratos,65,GRUPOS,K,RD CONGO,UZBEKISTAN,1,1,
Kratos,66,GRUPOS,K,COLOMBIA,PORTUGAL,1,1,
Kratos,67,GRUPOS,L,INGLATERRA,CROACIA,1,0,
Kratos,68,GRUPOS,L,GHANA,PANAMA,2,0,
Kratos,69,GRUPOS,L,INGLATERRA,GHANA,2,0,
Kratos,70,GRUPOS,L,PANAMA,CROACIA,0,2,
Kratos,71,GRUPOS,L,CROACIA,GHANA,1,0,
Kratos,72,GRUPOS,L,PANAMA,INGLATERRA,0,3,
Kratos,73,16AVOS,R32,SUDAFRICA,CANADA,1,2,CANADA
Kratos,74,16AVOS,R32,ALEMANIA,PARAGUAY,2,0,ALEMANIA
Kratos,76,16AVOS,R32,BRASIL,JAPON,2,1,BRASIL
Luismi,1,GRUPOS,A,MEXICO,SUDAFRICA,2,1,
Luismi,2,GRUPOS,A,COREA DEL SUR,REPUBLICA CHECA,1,0,
Luismi,3,GRUPOS,A,REPUBLICA CHECA,SUDAFRICA,2,0,
Luismi,4,GRUPOS,A,MEXICO,COREA DEL SUR,1,1,
Luismi,5,GRUPOS,A,SUDAFRICA,COREA DEL SUR,0,0,
Luismi,6,GRUPOS,A,REPUBLICA CHECA,MEXICO,1,1,
Luismi,7,GRUPOS,B,CANADA,BOSNIA,1,1,
Luismi,8,GRUPOS,B,QATAR,SUIZA,0,1,
Luismi,9,GRUPOS,B,SUIZA,BOSNIA,0,0,
Luismi,10,GRUPOS,B,CANADA,QATAR,2,0,
Luismi,11,GRUPOS,B,BOSNIA,QATAR,1,0,
Luismi,12,GRUPOS,B,SUIZA,CANADA,0,1,
Luismi,13,GRUPOS,C,BRASIL,MARRUECOS,2,1,
Luismi,14,GRUPOS,C,HAITI,ESCOCIA,0,1,
Luismi,15,GRUPOS,C,ESCOCIA,MARRUECOS,0,1,
Luismi,16,GRUPOS,C,BRASIL,HAITI,3,0,
Luismi,17,GRUPOS,C,ESCOCIA,BRASIL,0,2,
Luismi,18,GRUPOS,C,MARRUECOS,HAITI,2,0,
Luismi,19,GRUPOS,D,ESTADOS UNIDOS,PARAGUAY,1,1,
Luismi,20,GRUPOS,D,AUSTRALIA,TURQUIA,0,0,
Luismi,21,GRUPOS,D,ESTADOS UNIDOS,AUSTRALIA,0,1,
Luismi,22,GRUPOS,D,TURQUIA,PARAGUAY,1,1,
Luismi,23,GRUPOS,D,PARAGUAY,AUSTRALIA,2,1,
Luismi,24,GRUPOS,D,TURQUIA,ESTADOS UNIDOS,2,0,
Luismi,25,GRUPOS,E,ALEMANIA,CURAZAO,4,0,
Luismi,26,GRUPOS,E,COSTA DE MARFIL,ECUADOR,1,2,
Luismi,27,GRUPOS,E,ALEMANIA,COSTA DE MARFIL,2,1,
Luismi,28,GRUPOS,E,ECUADOR,CURAZAO,2,0,
Luismi,29,GRUPOS,E,CURAZAO,COSTA DE MARFIL,0,3,
Luismi,30,GRUPOS,E,ECUADOR,ALEMANIA,1,3,
Luismi,31,GRUPOS,F,PAISES BAJOS,JAPON,3,2,
Luismi,32,GRUPOS,F,SUECIA,TUNEZ,2,0,
Luismi,33,GRUPOS,F,PAISES BAJOS,SUECIA,1,1,
Luismi,34,GRUPOS,F,TUNEZ,JAPON,0,1,
Luismi,35,GRUPOS,F,JAPON,SUECIA,1,2,
Luismi,36,GRUPOS,F,TUNEZ,PAISES BAJOS,0,3,
Luismi,37,GRUPOS,G,BELGICA,EGIPTO,2,0,
Luismi,38,GRUPOS,G,IRAN,NUEVA ZELANDA,1,1,
Luismi,39,GRUPOS,G,BELGICA,IRAN,2,1,
Luismi,40,GRUPOS,G,NUEVA ZELANDA,EGIPTO,0,1,
Luismi,41,GRUPOS,G,NUEVA ZELANDA,BELGICA,0,1,
Luismi,42,GRUPOS,G,EGIPTO,IRAN,1,1,
Luismi,43,GRUPOS,H,ESPAÑA,CABO VERDE,5,0,
Luismi,44,GRUPOS,H,ARABIA SAUDITA,URUGUAY,0,2,
Luismi,45,GRUPOS,H,ESPAÑA,ARABIA SAUDITA,2,0,
Luismi,46,GRUPOS,H,URUGUAY,CABO VERDE,3,0,
Luismi,47,GRUPOS,H,CABO VERDE,ARABIA SAUDITA,0,1,
Luismi,48,GRUPOS,H,URUGUAY,ESPAÑA,1,2,
Luismi,49,GRUPOS,I,FRANCIA,SENEGAL,2,2,
Luismi,50,GRUPOS,I,IRAK,NORUEGA,0,2,
Luismi,51,GRUPOS,I,FRANCIA,IRAK,3,1,
Luismi,52,GRUPOS,I,NORUEGA,SENEGAL,2,1,
Luismi,53,GRUPOS,I,SENEGAL,IRAK,2,0,
Luismi,54,GRUPOS,I,NORUEGA,FRANCIA,1,1,
Luismi,55,GRUPOS,J,ARGENTINA,ARGELIA,2,0,
Luismi,56,GRUPOS,J,AUSTRIA,JORDANIA,2,0,
Luismi,57,GRUPOS,J,ARGENTINA,AUSTRIA,2,0,
Luismi,58,GRUPOS,J,JORDANIA,ARGELIA,1,2,
Luismi,59,GRUPOS,J,ARGELIA,AUSTRIA,1,1,
Luismi,60,GRUPOS,J,JORDANIA,ARGENTINA,0,2,
Luismi,61,GRUPOS,K,PORTUGAL,RD CONGO,4,0,
Luismi,62,GRUPOS,K,UZBEKISTAN,COLOMBIA,0,3,
Luismi,63,GRUPOS,K,PORTUGAL,UZBEKISTAN,5,0,
Luismi,64,GRUPOS,K,COLOMBIA,RD CONGO,2,0,
Luismi,65,GRUPOS,K,RD CONGO,UZBEKISTAN,2,1,
Luismi,66,GRUPOS,K,COLOMBIA,PORTUGAL,1,1,
Luismi,67,GRUPOS,L,INGLATERRA,CROACIA,1,0,
Luismi,68,GRUPOS,L,GHANA,PANAMA,2,0,
Luismi,69,GRUPOS,L,INGLATERRA,GHANA,1,1,
Luismi,70,GRUPOS,L,PANAMA,CROACIA,0,2,
Luismi,71,GRUPOS,L,CROACIA,GHANA,1,0,
Luismi,72,GRUPOS,L,PANAMA,INGLATERRA,0,3,
Luismi,73,16AVOS,R32,SUDAFRICA,CANADA,1,1,CANADA
Luismi,74,16AVOS,R32,ALEMANIA,PARAGUAY,1,0,ALEMANIA
Luismi,76,16AVOS,R32,BRASIL,JAPON,2,0,BRASIL
Masaru,1,GRUPOS,A,MEXICO,SUDAFRICA,2,0,
Masaru,2,GRUPOS,A,COREA DEL SUR,REPUBLICA CHECA,1,1,
Masaru,3,GRUPOS,A,REPUBLICA CHECA,SUDAFRICA,1,0,
Masaru,4,GRUPOS,A,MEXICO,COREA DEL SUR,2,1,
Masaru,5,GRUPOS,A,SUDAFRICA,COREA DEL SUR,0,2,
Masaru,6,GRUPOS,A,REPUBLICA CHECA,MEXICO,1,1,
Masaru,7,GRUPOS,B,CANADA,BOSNIA,2,1,
Masaru,8,GRUPOS,B,QATAR,SUIZA,0,2,
Masaru,9,GRUPOS,B,SUIZA,BOSNIA,2,1,
Masaru,10,GRUPOS,B,CANADA,QATAR,2,0,
Masaru,11,GRUPOS,B,BOSNIA,QATAR,2,1,
Masaru,12,GRUPOS,B,SUIZA,CANADA,1,1,
Masaru,13,GRUPOS,C,BRASIL,MARRUECOS,2,1,
Masaru,14,GRUPOS,C,HAITI,ESCOCIA,0,2,
Masaru,15,GRUPOS,C,ESCOCIA,MARRUECOS,1,1,
Masaru,16,GRUPOS,C,BRASIL,HAITI,3,0,
Masaru,17,GRUPOS,C,ESCOCIA,BRASIL,0,2,
Masaru,18,GRUPOS,C,MARRUECOS,HAITI,2,0,
Masaru,19,GRUPOS,D,ESTADOS UNIDOS,PARAGUAY,1,1,
Masaru,20,GRUPOS,D,AUSTRALIA,TURQUIA,1,2,
Masaru,21,GRUPOS,D,ESTADOS UNIDOS,AUSTRALIA,2,0,
Masaru,22,GRUPOS,D,TURQUIA,PARAGUAY,1,1,
Masaru,23,GRUPOS,D,PARAGUAY,AUSTRALIA,2,1,
Masaru,24,GRUPOS,D,TURQUIA,ESTADOS UNIDOS,1,1,
Masaru,25,GRUPOS,E,ALEMANIA,CURAZAO,3,0,
Masaru,26,GRUPOS,E,COSTA DE MARFIL,ECUADOR,0,1,
Masaru,27,GRUPOS,E,ALEMANIA,COSTA DE MARFIL,2,1,
Masaru,28,GRUPOS,E,ECUADOR,CURAZAO,2,0,
Masaru,29,GRUPOS,E,CURAZAO,COSTA DE MARFIL,1,2,
Masaru,30,GRUPOS,E,ECUADOR,ALEMANIA,1,1,
Masaru,31,GRUPOS,F,PAISES BAJOS,JAPON,1,1,
Masaru,32,GRUPOS,F,SUECIA,TUNEZ,2,0,
Masaru,33,GRUPOS,F,PAISES BAJOS,SUECIA,2,1,
Masaru,34,GRUPOS,F,TUNEZ,JAPON,1,3,
Masaru,35,GRUPOS,F,JAPON,SUECIA,2,1,
Masaru,36,GRUPOS,F,TUNEZ,PAISES BAJOS,0,2,
Masaru,37,GRUPOS,G,BELGICA,EGIPTO,2,1,
Masaru,38,GRUPOS,G,IRAN,NUEVA ZELANDA,2,1,
Masaru,39,GRUPOS,G,BELGICA,IRAN,2,0,
Masaru,40,GRUPOS,G,NUEVA ZELANDA,EGIPTO,0,2,
Masaru,41,GRUPOS,G,NUEVA ZELANDA,BELGICA,3,0,
Masaru,42,GRUPOS,G,EGIPTO,IRAN,1,1,
Masaru,43,GRUPOS,H,ESPAÑA,CABO VERDE,2,0,
Masaru,44,GRUPOS,H,ARABIA SAUDITA,URUGUAY,0,2,
Masaru,45,GRUPOS,H,ESPAÑA,ARABIA SAUDITA,2,0,
Masaru,46,GRUPOS,H,URUGUAY,CABO VERDE,2,1,
Masaru,47,GRUPOS,H,CABO VERDE,ARABIA SAUDITA,1,1,
Masaru,48,GRUPOS,H,URUGUAY,ESPAÑA,1,1,
Masaru,49,GRUPOS,I,FRANCIA,SENEGAL,2,1,
Masaru,50,GRUPOS,I,IRAK,NORUEGA,0,2,
Masaru,51,GRUPOS,I,FRANCIA,IRAK,3,0,
Masaru,52,GRUPOS,I,NORUEGA,SENEGAL,2,1,
Masaru,53,GRUPOS,I,SENEGAL,IRAK,2,0,
Masaru,54,GRUPOS,I,NORUEGA,FRANCIA,2,2,
Masaru,55,GRUPOS,J,ARGENTINA,ARGELIA,2,0,
Masaru,56,GRUPOS,J,AUSTRIA,JORDANIA,3,1,
Masaru,57,GRUPOS,J,ARGENTINA,AUSTRIA,2,1,
Masaru,58,GRUPOS,J,JORDANIA,ARGELIA,0,1,
Masaru,59,GRUPOS,J,ARGELIA,AUSTRIA,1,1,
Masaru,60,GRUPOS,J,JORDANIA,ARGENTINA,0,3,
Masaru,61,GRUPOS,K,PORTUGAL,RD CONGO,2,0,
Masaru,62,GRUPOS,K,UZBEKISTAN,COLOMBIA,1,2,
Masaru,63,GRUPOS,K,PORTUGAL,UZBEKISTAN,2,0,
Masaru,64,GRUPOS,K,COLOMBIA,RD CONGO,2,0,
Masaru,65,GRUPOS,K,RD CONGO,UZBEKISTAN,1,2,
Masaru,66,GRUPOS,K,COLOMBIA,PORTUGAL,1,1,
Masaru,67,GRUPOS,L,INGLATERRA,CROACIA,2,1,
Masaru,68,GRUPOS,L,GHANA,PANAMA,2,1,
Masaru,69,GRUPOS,L,INGLATERRA,GHANA,2,0,
Masaru,70,GRUPOS,L,PANAMA,CROACIA,2,0,
Masaru,71,GRUPOS,L,CROACIA,GHANA,1,1,
Masaru,72,GRUPOS,L,PANAMA,INGLATERRA,0,2,
Masaru,73,16AVOS,R32,SUDAFRICA,CANADA,1,2,CANADA
Masaru,74,16AVOS,R32,ALEMANIA,PARAGUAY,2,0,ALEMANIA
Masaru,76,16AVOS,R32,BRASIL,JAPON,2,3,JAPON
Trucha,1,GRUPOS,A,MEXICO,SUDAFRICA,2,0,
Trucha,2,GRUPOS,A,COREA DEL SUR,REPUBLICA CHECA,1,1,
Trucha,3,GRUPOS,A,REPUBLICA CHECA,SUDAFRICA,2,0,
Trucha,4,GRUPOS,A,MEXICO,COREA DEL SUR,2,1,
Trucha,5,GRUPOS,A,SUDAFRICA,COREA DEL SUR,1,2,
Trucha,6,GRUPOS,A,REPUBLICA CHECA,MEXICO,1,1,
Trucha,7,GRUPOS,B,CANADA,BOSNIA,2,1,
Trucha,8,GRUPOS,B,QATAR,SUIZA,0,2,
Trucha,9,GRUPOS,B,SUIZA,BOSNIA,2,1,
Trucha,10,GRUPOS,B,CANADA,QATAR,3,1,
Trucha,11,GRUPOS,B,BOSNIA,QATAR,2,0,
Trucha,12,GRUPOS,B,SUIZA,CANADA,1,1,
Trucha,13,GRUPOS,C,BRASIL,MARRUECOS,2,1,
Trucha,14,GRUPOS,C,HAITI,ESCOCIA,0,2,
Trucha,15,GRUPOS,C,ESCOCIA,MARRUECOS,1,1,
Trucha,16,GRUPOS,C,BRASIL,HAITI,4,0,
Trucha,17,GRUPOS,C,ESCOCIA,BRASIL,0,2,
Trucha,18,GRUPOS,C,MARRUECOS,HAITI,3,0,
Trucha,19,GRUPOS,D,ESTADOS UNIDOS,PARAGUAY,1,1,
Trucha,20,GRUPOS,D,AUSTRALIA,TURQUIA,1,2,
Trucha,21,GRUPOS,D,ESTADOS UNIDOS,AUSTRALIA,2,1,
Trucha,22,GRUPOS,D,TURQUIA,PARAGUAY,1,1,
Trucha,23,GRUPOS,D,PARAGUAY,AUSTRALIA,1,1,
Trucha,24,GRUPOS,D,TURQUIA,ESTADOS UNIDOS,2,2,
Trucha,25,GRUPOS,E,ALEMANIA,CURAZAO,4,0,
Trucha,26,GRUPOS,E,COSTA DE MARFIL,ECUADOR,1,1,
Trucha,27,GRUPOS,E,ALEMANIA,COSTA DE MARFIL,2,1,
Trucha,28,GRUPOS,E,ECUADOR,CURAZAO,2,0,
Trucha,29,GRUPOS,E,CURAZAO,COSTA DE MARFIL,0,2,
Trucha,30,GRUPOS,E,ECUADOR,ALEMANIA,0,2,
Trucha,31,GRUPOS,F,PAISES BAJOS,JAPON,2,1,
Trucha,32,GRUPOS,F,SUECIA,TUNEZ,1,0,
Trucha,33,GRUPOS,F,PAISES BAJOS,SUECIA,1,1,
Trucha,34,GRUPOS,F,TUNEZ,JAPON,0,2,
Trucha,35,GRUPOS,F,JAPON,SUECIA,1,1,
Trucha,36,GRUPOS,F,TUNEZ,PAISES BAJOS,0,3,
Trucha,37,GRUPOS,G,BELGICA,EGIPTO,2,1,
Trucha,38,GRUPOS,G,IRAN,NUEVA ZELANDA,2,0,
Trucha,39,GRUPOS,G,BELGICA,IRAN,2,1,
Trucha,40,GRUPOS,G,NUEVA ZELANDA,EGIPTO,0,2,
Trucha,41,GRUPOS,G,NUEVA ZELANDA,BELGICA,0,3,
Trucha,42,GRUPOS,G,EGIPTO,IRAN,1,1,
Trucha,43,GRUPOS,H,ESPAÑA,CABO VERDE,3,0,
Trucha,44,GRUPOS,H,ARABIA SAUDITA,URUGUAY,1,2,
Trucha,45,GRUPOS,H,ESPAÑA,ARABIA SAUDITA,3,0,
Trucha,46,GRUPOS,H,URUGUAY,CABO VERDE,2,0,
Trucha,47,GRUPOS,H,CABO VERDE,ARABIA SAUDITA,1,1,
Trucha,48,GRUPOS,H,URUGUAY,ESPAÑA,1,2,
Trucha,49,GRUPOS,I,FRANCIA,SENEGAL,2,1,
Trucha,50,GRUPOS,I,IRAK,NORUEGA,0,2,
Trucha,51,GRUPOS,I,FRANCIA,IRAK,4,0,
Trucha,52,GRUPOS,I,NORUEGA,SENEGAL,1,1,
Trucha,53,GRUPOS,I,SENEGAL,IRAK,2,0,
Trucha,54,GRUPOS,I,NORUEGA,FRANCIA,1,3,
Trucha,55,GRUPOS,J,ARGENTINA,ARGELIA,2,0,
Trucha,56,GRUPOS,J,AUSTRIA,JORDANIA,2,0,
Trucha,57,GRUPOS,J,ARGENTINA,AUSTRIA,3,1,
Trucha,58,GRUPOS,J,JORDANIA,ARGELIA,0,2,
Trucha,59,GRUPOS,J,ARGELIA,AUSTRIA,1,2,
Trucha,60,GRUPOS,J,JORDANIA,ARGENTINA,0,3,
Trucha,61,GRUPOS,K,PORTUGAL,RD CONGO,2,0,
Trucha,62,GRUPOS,K,UZBEKISTAN,COLOMBIA,1,3,
Trucha,63,GRUPOS,K,PORTUGAL,UZBEKISTAN,3,0,
Trucha,64,GRUPOS,K,COLOMBIA,RD CONGO,2,0,
Trucha,65,GRUPOS,K,RD CONGO,UZBEKISTAN,1,1,
Trucha,66,GRUPOS,K,COLOMBIA,PORTUGAL,1,2,
Trucha,67,GRUPOS,L,INGLATERRA,CROACIA,2,1,
Trucha,68,GRUPOS,L,GHANA,PANAMA,2,0,
Trucha,69,GRUPOS,L,INGLATERRA,GHANA,2,1,
Trucha,70,GRUPOS,L,PANAMA,CROACIA,0,2,
Trucha,71,GRUPOS,L,CROACIA,GHANA,1,1,
Trucha,72,GRUPOS,L,PANAMA,INGLATERRA,0,3,
Trucha,73,16AVOS,R32,SUDAFRICA,CANADA,1,2,CANADA
Trucha,74,16AVOS,R32,ALEMANIA,PARAGUAY,2,1,ALEMANIA
Trucha,76,16AVOS,R32,BRASIL,JAPON,3,1,BRASIL
Wonky,1,GRUPOS,A,MEXICO,SUDAFRICA,2,0,
Wonky,2,GRUPOS,A,COREA DEL SUR,REPUBLICA CHECA,2,1,
Wonky,3,GRUPOS,A,REPUBLICA CHECA,SUDAFRICA,1,0,
Wonky,4,GRUPOS,A,MEXICO,COREA DEL SUR,2,1,
Wonky,5,GRUPOS,A,SUDAFRICA,COREA DEL SUR,0,1,
Wonky,6,GRUPOS,A,REPUBLICA CHECA,MEXICO,1,2,
Wonky,7,GRUPOS,B,CANADA,BOSNIA,2,0,
Wonky,8,GRUPOS,B,QATAR,SUIZA,1,2,
Wonky,9,GRUPOS,B,SUIZA,BOSNIA,2,0,
Wonky,10,GRUPOS,B,CANADA,QATAR,2,0,
Wonky,11,GRUPOS,B,BOSNIA,QATAR,2,1,
Wonky,12,GRUPOS,B,SUIZA,CANADA,1,1,
Wonky,13,GRUPOS,C,BRASIL,MARRUECOS,2,1,
Wonky,14,GRUPOS,C,HAITI,ESCOCIA,0,2,
Wonky,15,GRUPOS,C,ESCOCIA,MARRUECOS,1,2,
Wonky,16,GRUPOS,C,BRASIL,HAITI,3,0,
Wonky,17,GRUPOS,C,ESCOCIA,BRASIL,0,2,
Wonky,18,GRUPOS,C,MARRUECOS,HAITI,2,0,
Wonky,19,GRUPOS,D,ESTADOS UNIDOS,PARAGUAY,2,0,
Wonky,20,GRUPOS,D,AUSTRALIA,TURQUIA,1,1,
Wonky,21,GRUPOS,D,ESTADOS UNIDOS,AUSTRALIA,2,1,
Wonky,22,GRUPOS,D,TURQUIA,PARAGUAY,2,0,
Wonky,23,GRUPOS,D,PARAGUAY,AUSTRALIA,1,1,
Wonky,24,GRUPOS,D,TURQUIA,ESTADOS UNIDOS,1,2,
Wonky,25,GRUPOS,E,ALEMANIA,CURAZAO,3,0,
Wonky,26,GRUPOS,E,COSTA DE MARFIL,ECUADOR,1,1,
Wonky,27,GRUPOS,E,ALEMANIA,COSTA DE MARFIL,2,0,
Wonky,28,GRUPOS,E,ECUADOR,CURAZAO,2,1,
Wonky,29,GRUPOS,E,CURAZAO,COSTA DE MARFIL,0,2,
Wonky,30,GRUPOS,E,ECUADOR,ALEMANIA,1,2,
Wonky,31,GRUPOS,F,PAISES BAJOS,JAPON,2,0,
Wonky,32,GRUPOS,F,SUECIA,TUNEZ,2,0,
Wonky,33,GRUPOS,F,PAISES BAJOS,SUECIA,1,0,
Wonky,34,GRUPOS,F,TUNEZ,JAPON,0,1,
Wonky,35,GRUPOS,F,JAPON,SUECIA,1,1,
Wonky,36,GRUPOS,F,TUNEZ,PAISES BAJOS,0,2,
Wonky,37,GRUPOS,G,BELGICA,EGIPTO,2,0,
Wonky,38,GRUPOS,G,IRAN,NUEVA ZELANDA,2,0,
Wonky,39,GRUPOS,G,BELGICA,IRAN,2,1,
Wonky,40,GRUPOS,G,NUEVA ZELANDA,EGIPTO,1,1,
Wonky,41,GRUPOS,G,NUEVA ZELANDA,BELGICA,0,2,
Wonky,42,GRUPOS,G,EGIPTO,IRAN,1,1,
Wonky,43,GRUPOS,H,ESPAÑA,CABO VERDE,3,0,
Wonky,44,GRUPOS,H,ARABIA SAUDITA,URUGUAY,0,2,
Wonky,45,GRUPOS,H,ESPAÑA,ARABIA SAUDITA,2,0,
Wonky,46,GRUPOS,H,URUGUAY,CABO VERDE,2,0,
Wonky,47,GRUPOS,H,CABO VERDE,ARABIA SAUDITA,1,2,
Wonky,48,GRUPOS,H,URUGUAY,ESPAÑA,1,2,
Wonky,49,GRUPOS,I,FRANCIA,SENEGAL,2,1,
Wonky,50,GRUPOS,I,IRAK,NORUEGA,1,2,
Wonky,51,GRUPOS,I,FRANCIA,IRAK,3,0,
Wonky,52,GRUPOS,I,NORUEGA,SENEGAL,2,1,
Wonky,53,GRUPOS,I,SENEGAL,IRAK,2,0,
Wonky,54,GRUPOS,I,NORUEGA,FRANCIA,1,2,
Wonky,55,GRUPOS,J,ARGENTINA,ARGELIA,3,0,
Wonky,56,GRUPOS,J,AUSTRIA,JORDANIA,2,0,
Wonky,57,GRUPOS,J,ARGENTINA,AUSTRIA,2,1,
Wonky,58,GRUPOS,J,JORDANIA,ARGELIA,1,1,
Wonky,59,GRUPOS,J,ARGELIA,AUSTRIA,1,2,
Wonky,60,GRUPOS,J,JORDANIA,ARGENTINA,0,3,
Wonky,61,GRUPOS,K,PORTUGAL,RD CONGO,3,0,
Wonky,62,GRUPOS,K,UZBEKISTAN,COLOMBIA,1,2,
Wonky,63,GRUPOS,K,PORTUGAL,UZBEKISTAN,2,0,
Wonky,64,GRUPOS,K,COLOMBIA,RD CONGO,2,0,
Wonky,65,GRUPOS,K,RD CONGO,UZBEKISTAN,1,1,
Wonky,66,GRUPOS,K,COLOMBIA,PORTUGAL,1,1,
Wonky,67,GRUPOS,L,INGLATERRA,CROACIA,2,1,
Wonky,68,GRUPOS,L,GHANA,PANAMA,2,0,
Wonky,69,GRUPOS,L,INGLATERRA,GHANA,2,0,
Wonky,70,GRUPOS,L,PANAMA,CROACIA,0,2,
Wonky,71,GRUPOS,L,CROACIA,GHANA,2,1,
Wonky,72,GRUPOS,L,PANAMA,INGLATERRA,0,2,
Wonky,73,16AVOS,R32,SUDAFRICA,CANADA,0,2,CANADA
Wonky,74,16AVOS,R32,ALEMANIA,PARAGUAY,2,0,ALEMANIA
Wonky,76,16AVOS,R32,BRASIL,JAPON,2,0,BRASIL
Zhoko,1,GRUPOS,A,MEXICO,SUDAFRICA,2,0,
Zhoko,2,GRUPOS,A,COREA DEL SUR,REPUBLICA CHECA,1,1,
Zhoko,3,GRUPOS,A,REPUBLICA CHECA,SUDAFRICA,2,0,
Zhoko,4,GRUPOS,A,MEXICO,COREA DEL SUR,2,2,
Zhoko,5,GRUPOS,A,SUDAFRICA,COREA DEL SUR,0,1,
Zhoko,6,GRUPOS,A,REPUBLICA CHECA,MEXICO,1,1,
Zhoko,7,GRUPOS,B,CANADA,BOSNIA,3,1,
Zhoko,8,GRUPOS,B,QATAR,SUIZA,0,2,
Zhoko,9,GRUPOS,B,SUIZA,BOSNIA,3,0,
Zhoko,10,GRUPOS,B,CANADA,QATAR,2,1,
Zhoko,11,GRUPOS,B,BOSNIA,QATAR,2,1,
Zhoko,12,GRUPOS,B,SUIZA,CANADA,3,1,
Zhoko,13,GRUPOS,C,BRASIL,MARRUECOS,2,1,
Zhoko,14,GRUPOS,C,HAITI,ESCOCIA,0,3,
Zhoko,15,GRUPOS,C,ESCOCIA,MARRUECOS,1,2,
Zhoko,16,GRUPOS,C,BRASIL,HAITI,5,0,
Zhoko,17,GRUPOS,C,ESCOCIA,BRASIL,0,2,
Zhoko,18,GRUPOS,C,MARRUECOS,HAITI,4,1,
Zhoko,19,GRUPOS,D,ESTADOS UNIDOS,PARAGUAY,2,1,
Zhoko,20,GRUPOS,D,AUSTRALIA,TURQUIA,1,1,
Zhoko,21,GRUPOS,D,ESTADOS UNIDOS,AUSTRALIA,2,1,
Zhoko,22,GRUPOS,D,TURQUIA,PARAGUAY,1,1,
Zhoko,23,GRUPOS,D,PARAGUAY,AUSTRALIA,1,0,
Zhoko,24,GRUPOS,D,TURQUIA,ESTADOS UNIDOS,1,0,
Zhoko,25,GRUPOS,E,ALEMANIA,CURAZAO,5,0,
Zhoko,26,GRUPOS,E,COSTA DE MARFIL,ECUADOR,1,1,
Zhoko,27,GRUPOS,E,ALEMANIA,COSTA DE MARFIL,3,1,
Zhoko,28,GRUPOS,E,ECUADOR,CURAZAO,2,0,
Zhoko,29,GRUPOS,E,CURAZAO,COSTA DE MARFIL,0,2,
Zhoko,30,GRUPOS,E,ECUADOR,ALEMANIA,2,2,
Zhoko,31,GRUPOS,F,PAISES BAJOS,JAPON,3,2,
Zhoko,32,GRUPOS,F,SUECIA,TUNEZ,1,0,
Zhoko,33,GRUPOS,F,PAISES BAJOS,SUECIA,1,1,
Zhoko,34,GRUPOS,F,TUNEZ,JAPON,1,3,
Zhoko,35,GRUPOS,F,JAPON,SUECIA,0,0,
Zhoko,36,GRUPOS,F,TUNEZ,PAISES BAJOS,0,2,
Zhoko,37,GRUPOS,G,BELGICA,EGIPTO,3,1,
Zhoko,38,GRUPOS,G,IRAN,NUEVA ZELANDA,1,0,
Zhoko,39,GRUPOS,G,BELGICA,IRAN,2,0,
Zhoko,40,GRUPOS,G,NUEVA ZELANDA,EGIPTO,1,1,
Zhoko,41,GRUPOS,G,NUEVA ZELANDA,BELGICA,0,1,
Zhoko,42,GRUPOS,G,EGIPTO,IRAN,2,0,
Zhoko,43,GRUPOS,H,ESPAÑA,CABO VERDE,5,0,
Zhoko,44,GRUPOS,H,ARABIA SAUDITA,URUGUAY,0,1,
Zhoko,45,GRUPOS,H,ESPAÑA,ARABIA SAUDITA,4,1,
Zhoko,46,GRUPOS,H,URUGUAY,CABO VERDE,2,0,
Zhoko,47,GRUPOS,H,CABO VERDE,ARABIA SAUDITA,1,3,
Zhoko,48,GRUPOS,H,URUGUAY,ESPAÑA,0,3,
Zhoko,49,GRUPOS,I,FRANCIA,SENEGAL,3,1,
Zhoko,50,GRUPOS,I,IRAK,NORUEGA,0,2,
Zhoko,51,GRUPOS,I,FRANCIA,IRAK,2,0,
Zhoko,52,GRUPOS,I,NORUEGA,SENEGAL,3,3,
Zhoko,53,GRUPOS,I,SENEGAL,IRAK,1,0,
Zhoko,54,GRUPOS,I,NORUEGA,FRANCIA,1,2,
Zhoko,55,GRUPOS,J,ARGENTINA,ARGELIA,3,1,
Zhoko,56,GRUPOS,J,AUSTRIA,JORDANIA,2,0,
Zhoko,57,GRUPOS,J,ARGENTINA,AUSTRIA,3,2,
Zhoko,58,GRUPOS,J,JORDANIA,ARGELIA,1,2,
Zhoko,59,GRUPOS,J,ARGELIA,AUSTRIA,2,2,
Zhoko,60,GRUPOS,J,JORDANIA,ARGENTINA,0,3,
Zhoko,61,GRUPOS,K,PORTUGAL,RD CONGO,4,0,
Zhoko,62,GRUPOS,K,UZBEKISTAN,COLOMBIA,0,3,
Zhoko,63,GRUPOS,K,PORTUGAL,UZBEKISTAN,3,1,
Zhoko,64,GRUPOS,K,COLOMBIA,RD CONGO,3,1,
Zhoko,65,GRUPOS,K,RD CONGO,UZBEKISTAN,1,1,
Zhoko,66,GRUPOS,K,COLOMBIA,PORTUGAL,2,2,
Zhoko,67,GRUPOS,L,INGLATERRA,CROACIA,2,2,
Zhoko,68,GRUPOS,L,GHANA,PANAMA,3,0,
Zhoko,69,GRUPOS,L,INGLATERRA,GHANA,3,1,
Zhoko,70,GRUPOS,L,PANAMA,CROACIA,0,2,
Zhoko,71,GRUPOS,L,CROACIA,GHANA,2,1,
Zhoko,72,GRUPOS,L,PANAMA,INGLATERRA,0,5,
Zhoko,73,16AVOS,R32,SUDAFRICA,CANADA,0,3,CANADA
Zhoko,74,16AVOS,R32,ALEMANIA,PARAGUAY,3,1,ALEMANIA
Zhoko,76,16AVOS,R32,BRASIL,JAPON,3,2,BRASIL
Ñeño,1,GRUPOS,A,MEXICO,SUDAFRICA,2,1,
Ñeño,2,GRUPOS,A,COREA DEL SUR,REPUBLICA CHECA,1,1,
Ñeño,3,GRUPOS,A,REPUBLICA CHECA,SUDAFRICA,1,1,
Ñeño,4,GRUPOS,A,MEXICO,COREA DEL SUR,1,1,
Ñeño,5,GRUPOS,A,SUDAFRICA,COREA DEL SUR,0,1,
Ñeño,6,GRUPOS,A,REPUBLICA CHECA,MEXICO,1,1,
Ñeño,7,GRUPOS,B,CANADA,BOSNIA,1,1,
Ñeño,8,GRUPOS,B,QATAR,SUIZA,0,2,
Ñeño,9,GRUPOS,B,SUIZA,BOSNIA,2,0,
Ñeño,10,GRUPOS,B,CANADA,QATAR,1,0,
Ñeño,11,GRUPOS,B,BOSNIA,QATAR,2,1,
Ñeño,12,GRUPOS,B,SUIZA,CANADA,1,1,
Ñeño,13,GRUPOS,C,BRASIL,MARRUECOS,2,0,
Ñeño,14,GRUPOS,C,HAITI,ESCOCIA,0,1,
Ñeño,15,GRUPOS,C,ESCOCIA,MARRUECOS,1,1,
Ñeño,16,GRUPOS,C,BRASIL,HAITI,3,0,
Ñeño,17,GRUPOS,C,ESCOCIA,BRASIL,0,2,
Ñeño,18,GRUPOS,C,MARRUECOS,HAITI,2,0,
Ñeño,19,GRUPOS,D,ESTADOS UNIDOS,PARAGUAY,2,1,
Ñeño,20,GRUPOS,D,AUSTRALIA,TURQUIA,1,1,
Ñeño,21,GRUPOS,D,ESTADOS UNIDOS,AUSTRALIA,1,0,
Ñeño,22,GRUPOS,D,TURQUIA,PARAGUAY,1,1,
Ñeño,23,GRUPOS,D,PARAGUAY,AUSTRALIA,2,1,
Ñeño,24,GRUPOS,D,TURQUIA,ESTADOS UNIDOS,1,2,
Ñeño,25,GRUPOS,E,ALEMANIA,CURAZAO,3,0,
Ñeño,26,GRUPOS,E,COSTA DE MARFIL,ECUADOR,1,2,
Ñeño,27,GRUPOS,E,ALEMANIA,COSTA DE MARFIL,2,1,
Ñeño,28,GRUPOS,E,ECUADOR,CURAZAO,2,0,
Ñeño,29,GRUPOS,E,CURAZAO,COSTA DE MARFIL,0,2,
Ñeño,30,GRUPOS,E,ECUADOR,ALEMANIA,1,2,
Ñeño,31,GRUPOS,F,PAISES BAJOS,JAPON,2,1,
Ñeño,32,GRUPOS,F,SUECIA,TUNEZ,1,0,
Ñeño,33,GRUPOS,F,PAISES BAJOS,SUECIA,2,0,
Ñeño,34,GRUPOS,F,TUNEZ,JAPON,1,1,
Ñeño,35,GRUPOS,F,JAPON,SUECIA,2,1,
Ñeño,36,GRUPOS,F,TUNEZ,PAISES BAJOS,0,2,
Ñeño,37,GRUPOS,G,BELGICA,EGIPTO,2,0,
Ñeño,38,GRUPOS,G,IRAN,NUEVA ZELANDA,1,0,
Ñeño,39,GRUPOS,G,BELGICA,IRAN,2,1,
Ñeño,40,GRUPOS,G,NUEVA ZELANDA,EGIPTO,0,1,
Ñeño,41,GRUPOS,G,NUEVA ZELANDA,BELGICA,0,2,
Ñeño,42,GRUPOS,G,EGIPTO,IRAN,1,1,
Ñeño,43,GRUPOS,H,ESPAÑA,CABO VERDE,3,0,
Ñeño,44,GRUPOS,H,ARABIA SAUDITA,URUGUAY,1,1,
Ñeño,45,GRUPOS,H,ESPAÑA,ARABIA SAUDITA,2,0,
Ñeño,46,GRUPOS,H,URUGUAY,CABO VERDE,2,0,
Ñeño,47,GRUPOS,H,CABO VERDE,ARABIA SAUDITA,1,1,
Ñeño,48,GRUPOS,H,URUGUAY,ESPAÑA,1,2,
Ñeño,49,GRUPOS,I,FRANCIA,SENEGAL,2,1,
Ñeño,50,GRUPOS,I,IRAK,NORUEGA,0,2,
Ñeño,51,GRUPOS,I,FRANCIA,IRAK,3,0,
Ñeño,52,GRUPOS,I,NORUEGA,SENEGAL,1,1,
Ñeño,53,GRUPOS,I,SENEGAL,IRAK,2,0,
Ñeño,54,GRUPOS,I,NORUEGA,FRANCIA,1,2,
Ñeño,55,GRUPOS,J,ARGENTINA,ARGELIA,2,0,
Ñeño,56,GRUPOS,J,AUSTRIA,JORDANIA,2,0,
Ñeño,57,GRUPOS,J,ARGENTINA,AUSTRIA,1,0,
Ñeño,58,GRUPOS,J,JORDANIA,ARGELIA,0,1,
Ñeño,59,GRUPOS,J,ARGELIA,AUSTRIA,1,1,
Ñeño,60,GRUPOS,J,JORDANIA,ARGENTINA,0,3,
Ñeño,61,GRUPOS,K,PORTUGAL,RD CONGO,2,0,
Ñeño,62,GRUPOS,K,UZBEKISTAN,COLOMBIA,1,2,
Ñeño,63,GRUPOS,K,PORTUGAL,UZBEKISTAN,3,0,
Ñeño,64,GRUPOS,K,COLOMBIA,RD CONGO,2,0,
Ñeño,65,GRUPOS,K,RD CONGO,UZBEKISTAN,1,1,
Ñeño,66,GRUPOS,K,COLOMBIA,PORTUGAL,0,1,
Ñeño,67,GRUPOS,L,INGLATERRA,CROACIA,2,1,
Ñeño,68,GRUPOS,L,GHANA,PANAMA,1,1,
Ñeño,69,GRUPOS,L,INGLATERRA,GHANA,2,0,
Ñeño,70,GRUPOS,L,PANAMA,CROACIA,0,2,
Ñeño,71,GRUPOS,L,CROACIA,GHANA,2,1,
Ñeño,72,GRUPOS,L,PANAMA,INGLATERRA,0,3,
Ñeño,73,16AVOS,R32,SUDAFRICA,CANADA,1,1,CANADA
Ñeño,74,16AVOS,R32,ALEMANIA,PARAGUAY,3,0,ALEMANIA
Ñeño,76,16AVOS,R32,BRASIL,JAPON,2,1,BRASIL
